Year,StockKeyLabel,F,SSB,FishingPressureDescription,StockSizeDescription,Landings,Catches,Discards,AssessmentYear,Flim,Fpa,Bpa,Blim,FMSY,MSYBtrigger,Ecoregion,landings,F/FMSy,B/BMSY
1987,bll.27.22-32,NA,NA,F,A_index,15,NA,NA,2023,NA,NA,NA,NA,NA,NA,Baltic Sea,NA,,
1973,bll.27.22-32,NA,NA,F,A_index,13,NA,NA,2023,NA,NA,NA,NA,NA,NA,Baltic Sea,NA,,
1986,bll.27.22-32,NA,NA,F,A_index,18,NA,NA,2023,NA,NA,NA,NA,NA,NA,Baltic Sea,NA,,
1971,bll.27.22-32,NA,NA,F,A_index,3,NA,NA,2023,NA,NA,NA,NA,NA,NA,Baltic Sea,NA,,
1983,bll.27.22-32,NA,NA,F,A_index,55,NA,NA,2023,NA,NA,NA,NA,NA,NA,Baltic Sea,NA,,
1988,bll.27.22-32,NA,NA,F,A_index,6,NA,NA,2023,NA,NA,NA,NA,NA,NA,Baltic Sea,NA,,
1989,bll.27.22-32,NA,NA,F,A_index,10,NA,NA,2023,NA,NA,NA,NA,NA,NA,Baltic Sea,NA,,
1972,bll.27.22-32,NA,NA,F,A_index,7,NA,NA,2023,NA,NA,NA,NA,NA,NA,Baltic Sea,NA,,
1998,bll.27.22-32,NA,NA,F,A_index,22,NA,NA,2023,NA,NA,NA,NA,NA,NA,Baltic Sea,NA,,
1984,bll.27.22-32,NA,NA,F,A_index,15,NA,NA,2023,NA,NA,NA,NA,NA,NA,Baltic Sea,NA,,
1985,bll.27.22-32,NA,NA,F,A_index,17,NA,NA,2023,NA,NA,NA,NA,NA,NA,Baltic Sea,NA,,
1997,bll.27.22-32,NA,NA,F,A_index,26,NA,NA,2023,NA,NA,NA,NA,NA,NA,Baltic Sea,NA,,
1990,bll.27.22-32,NA,NA,F,A_index,1,NA,NA,2023,NA,NA,NA,NA,NA,NA,Baltic Sea,NA,,
1999,bll.27.22-32,NA,NA,F,A_index,25,NA,NA,2023,NA,NA,NA,NA,NA,NA,Baltic Sea,NA,,
1974,bll.27.22-32,NA,NA,F,A_index,26,NA,NA,2023,NA,NA,NA,NA,NA,NA,Baltic Sea,NA,,
1975,bll.27.22-32,NA,NA,F,A_index,40,NA,NA,2023,NA,NA,NA,NA,NA,NA,Baltic Sea,NA,,
1982,bll.27.22-32,NA,NA,F,A_index,36,NA,NA,2023,NA,NA,NA,NA,NA,NA,Baltic Sea,NA,,
2022,bll.27.22-32,NA,0.67,F,A_index,40,NA,2,2023,NA,NA,NA,NA,NA,NA,Baltic Sea,NA,,
1995,bll.27.22-32,NA,NA,F,A_index,160,NA,NA,2023,NA,NA,NA,NA,NA,NA,Baltic Sea,NA,,
1996,bll.27.22-32,NA,NA,F,A_index,62,NA,NA,2023,NA,NA,NA,NA,NA,NA,Baltic Sea,NA,,
1970,bll.27.22-32,NA,NA,F,A_index,4,NA,NA,2023,NA,NA,NA,NA,NA,NA,Baltic Sea,NA,,
2011,bll.27.22-32,NA,0.82,F,A_index,57,NA,NA,2023,NA,NA,NA,NA,NA,NA,Baltic Sea,NA,,
2012,bll.27.22-32,NA,0.41,F,A_index,31,NA,0,2023,NA,NA,NA,NA,NA,NA,Baltic Sea,NA,,
2000,bll.27.22-32,NA,NA,F,A_index,28,NA,NA,2023,NA,NA,NA,NA,NA,NA,Baltic Sea,NA,,
2001,bll.27.22-32,NA,0.16,F,A_index,19,NA,NA,2023,NA,NA,NA,NA,NA,NA,Baltic Sea,NA,,
1976,bll.27.22-32,NA,NA,F,A_index,48,NA,NA,2023,NA,NA,NA,NA,NA,NA,Baltic Sea,NA,,
1977,bll.27.22-32,NA,NA,F,A_index,67,NA,NA,2023,NA,NA,NA,NA,NA,NA,Baltic Sea,NA,,
1978,bll.27.22-32,NA,NA,F,A_index,40,NA,NA,2023,NA,NA,NA,NA,NA,NA,Baltic Sea,NA,,
1979,bll.27.22-32,NA,NA,F,A_index,30,NA,NA,2023,NA,NA,NA,NA,NA,NA,Baltic Sea,NA,,
1980,bll.27.22-32,NA,NA,F,A_index,26,NA,NA,2023,NA,NA,NA,NA,NA,NA,Baltic Sea,NA,,
1981,bll.27.22-32,NA,NA,F,A_index,23,NA,NA,2023,NA,NA,NA,NA,NA,NA,Baltic Sea,NA,,
2021,bll.27.22-32,NA,0.64,F,A_index,53,NA,2,2023,NA,NA,NA,NA,NA,NA,Baltic Sea,NA,,
2006,bll.27.22-32,NA,0.63,F,A_index,56,NA,NA,2023,NA,NA,NA,NA,NA,NA,Baltic Sea,NA,,
2007,bll.27.22-32,NA,0.58,F,A_index,56,NA,NA,2023,NA,NA,NA,NA,NA,NA,Baltic Sea,NA,,
2008,bll.27.22-32,NA,0.63,F,A_index,105,NA,NA,2023,NA,NA,NA,NA,NA,NA,Baltic Sea,NA,,
2009,bll.27.22-32,NA,0.55,F,A_index,92,NA,NA,2023,NA,NA,NA,NA,NA,NA,Baltic Sea,NA,,
2013,bll.27.22-32,NA,0.35,F,A_index,31,NA,0,2023,NA,NA,NA,NA,NA,NA,Baltic Sea,NA,,
2014,bll.27.22-32,NA,0.59,F,A_index,28,NA,4,2023,NA,NA,NA,NA,NA,NA,Baltic Sea,NA,,
2015,bll.27.22-32,NA,0.44,F,A_index,40,NA,0,2023,NA,NA,NA,NA,NA,NA,Baltic Sea,NA,,
2016,bll.27.22-32,NA,0.41,F,A_index,39,NA,0,2023,NA,NA,NA,NA,NA,NA,Baltic Sea,NA,,
1991,bll.27.22-32,NA,NA,F,A_index,15,NA,NA,2023,NA,NA,NA,NA,NA,NA,Baltic Sea,NA,,
1992,bll.27.22-32,NA,NA,F,A_index,28,NA,NA,2023,NA,NA,NA,NA,NA,NA,Baltic Sea,NA,,
1993,bll.27.22-32,NA,NA,F,A_index,35,NA,NA,2023,NA,NA,NA,NA,NA,NA,Baltic Sea,NA,,
1994,bll.27.22-32,NA,NA,F,A_index,63,NA,NA,2023,NA,NA,NA,NA,NA,NA,Baltic Sea,NA,,
2005,bll.27.22-32,NA,0.49,F,A_index,62,NA,NA,2023,NA,NA,NA,NA,NA,NA,Baltic Sea,NA,,
2010,bll.27.22-32,NA,0.87,F,A_index,82,NA,NA,2023,NA,NA,NA,NA,NA,NA,Baltic Sea,NA,,
2018,bll.27.22-32,NA,0.69,F,A_index,57,NA,3,2023,NA,NA,NA,NA,NA,NA,Baltic Sea,NA,,
2019,bll.27.22-32,NA,0.92,F,A_index,63,NA,9,2023,NA,NA,NA,NA,NA,NA,Baltic Sea,NA,,
2020,bll.27.22-32,NA,0.67,F,A_index,69,NA,6,2023,NA,NA,NA,NA,NA,NA,Baltic Sea,NA,,
2017,bll.27.22-32,NA,0.62,F,A_index,49,NA,9,2023,NA,NA,NA,NA,NA,NA,Baltic Sea,NA,,
2002,bll.27.22-32,NA,0.19,F,A_index,27,NA,NA,2023,NA,NA,NA,NA,NA,NA,Baltic Sea,NA,,
2003,bll.27.22-32,NA,0.27,F,A_index,36,NA,NA,2023,NA,NA,NA,NA,NA,NA,Baltic Sea,NA,,
2004,bll.27.22-32,NA,0.66,F,A_index,41,NA,NA,2023,NA,NA,NA,NA,NA,NA,Baltic Sea,NA,,
1997,bwp.27.2729-32,NA,NA,F,B_index,406,NA,NA,2022,NA,NA,NA,NA,NA,NA,Baltic Sea,NA,,
2001,bwp.27.2729-32,NA,1.338,F,B_index,503,NA,NA,2022,NA,NA,NA,NA,NA,NA,Baltic Sea,NA,,
1998,bwp.27.2729-32,NA,NA,F,B_index,397,NA,NA,2022,NA,NA,NA,NA,NA,NA,Baltic Sea,NA,,
1999,bwp.27.2729-32,NA,NA,F,B_index,406,NA,NA,2022,NA,NA,NA,NA,NA,NA,Baltic Sea,NA,,
2000,bwp.27.2729-32,NA,2.01,F,B_index,422,NA,NA,2022,NA,NA,NA,NA,NA,NA,Baltic Sea,NA,,
1995,bwp.27.2729-32,NA,NA,F,B_index,258,NA,NA,2022,NA,NA,NA,NA,NA,NA,Baltic Sea,NA,,
2019,bwp.27.2729-32,NA,1.071,F,B_index,121,NA,NA,2022,NA,NA,NA,NA,NA,NA,Baltic Sea,NA,,
1992,bwp.27.2729-32,NA,NA,F,B_index,245,NA,NA,2022,NA,NA,NA,NA,NA,NA,Baltic Sea,NA,,
1996,bwp.27.2729-32,NA,NA,F,B_index,450,NA,NA,2022,NA,NA,NA,NA,NA,NA,Baltic Sea,NA,,
1981,bwp.27.2729-32,NA,NA,F,B_index,1656,NA,NA,2022,NA,NA,NA,NA,NA,NA,Baltic Sea,NA,,
1982,bwp.27.2729-32,NA,NA,F,B_index,1854,NA,NA,2022,NA,NA,NA,NA,NA,NA,Baltic Sea,NA,,
2002,bwp.27.2729-32,NA,0.626,F,B_index,523,NA,NA,2022,NA,NA,NA,NA,NA,NA,Baltic Sea,NA,,
2009,bwp.27.2729-32,NA,0.713,F,B_index,262,NA,NA,2022,NA,NA,NA,NA,NA,NA,Baltic Sea,NA,,
2006,bwp.27.2729-32,NA,1.044,F,B_index,344,NA,NA,2022,NA,NA,NA,NA,NA,NA,Baltic Sea,NA,,
1994,bwp.27.2729-32,NA,NA,F,B_index,129,NA,NA,2022,NA,NA,NA,NA,NA,NA,Baltic Sea,NA,,
2013,bwp.27.2729-32,NA,1.218,F,B_index,234,NA,NA,2022,NA,NA,NA,NA,NA,NA,Baltic Sea,NA,,
2003,bwp.27.2729-32,NA,1.602,F,B_index,374,NA,NA,2022,NA,NA,NA,NA,NA,NA,Baltic Sea,NA,,
2008,bwp.27.2729-32,NA,1.8,F,B_index,249,NA,NA,2022,NA,NA,NA,NA,NA,NA,Baltic Sea,NA,,
1983,bwp.27.2729-32,NA,NA,F,B_index,1870,NA,NA,2022,NA,NA,NA,NA,NA,NA,Baltic Sea,NA,,
2005,bwp.27.2729-32,NA,1.029,F,B_index,330,NA,NA,2022,NA,NA,NA,NA,NA,NA,Baltic Sea,NA,,
1980,bwp.27.2729-32,NA,NA,F,B_index,1519,NA,NA,2022,NA,NA,NA,NA,NA,NA,Baltic Sea,NA,,
1991,bwp.27.2729-32,NA,NA,F,B_index,349,NA,NA,2022,NA,NA,NA,NA,NA,NA,Baltic Sea,NA,,
1993,bwp.27.2729-32,NA,NA,F,B_index,307,NA,NA,2022,NA,NA,NA,NA,NA,NA,Baltic Sea,NA,,
1989,bwp.27.2729-32,NA,NA,F,B_index,566,NA,NA,2022,NA,NA,NA,NA,NA,NA,Baltic Sea,NA,,
2010,bwp.27.2729-32,NA,0.495,F,B_index,227,NA,NA,2022,NA,NA,NA,NA,NA,NA,Baltic Sea,NA,,
2015,bwp.27.2729-32,NA,4.358,F,B_index,176,NA,NA,2022,NA,NA,NA,NA,NA,NA,Baltic Sea,NA,,
1990,bwp.27.2729-32,NA,NA,F,B_index,343,NA,NA,2022,NA,NA,NA,NA,NA,NA,Baltic Sea,NA,,
2016,bwp.27.2729-32,NA,1.185,F,B_index,173,NA,NA,2022,NA,NA,NA,NA,NA,NA,Baltic Sea,NA,,
2021,bwp.27.2729-32,NA,0.425,F,B_index,124,NA,NA,2022,NA,NA,NA,NA,NA,NA,Baltic Sea,NA,,
2004,bwp.27.2729-32,NA,0.856,F,B_index,373,NA,NA,2022,NA,NA,NA,NA,NA,NA,Baltic Sea,NA,,
2014,bwp.27.2729-32,NA,1.262,F,B_index,183,NA,NA,2022,NA,NA,NA,NA,NA,NA,Baltic Sea,NA,,
1988,bwp.27.2729-32,NA,NA,F,B_index,728,NA,NA,2022,NA,NA,NA,NA,NA,NA,Baltic Sea,NA,,
1987,bwp.27.2729-32,NA,NA,F,B_index,787,NA,NA,2022,NA,NA,NA,NA,NA,NA,Baltic Sea,NA,,
2017,bwp.27.2729-32,NA,1.882,F,B_index,150,NA,NA,2022,NA,NA,NA,NA,NA,NA,Baltic Sea,NA,,
2007,bwp.27.2729-32,NA,1.272,F,B_index,263,NA,NA,2022,NA,NA,NA,NA,NA,NA,Baltic Sea,NA,,
2011,bwp.27.2729-32,NA,0.586,F,B_index,221,NA,NA,2022,NA,NA,NA,NA,NA,NA,Baltic Sea,NA,,
1985,bwp.27.2729-32,NA,NA,F,B_index,1157,NA,NA,2022,NA,NA,NA,NA,NA,NA,Baltic Sea,NA,,
2020,bwp.27.2729-32,NA,0.762,F,B_index,149,NA,NA,2022,NA,NA,NA,NA,NA,NA,Baltic Sea,NA,,
2012,bwp.27.2729-32,NA,0.563,F,B_index,188,NA,NA,2022,NA,NA,NA,NA,NA,NA,Baltic Sea,NA,,
1986,bwp.27.2729-32,NA,NA,F,B_index,952,NA,NA,2022,NA,NA,NA,NA,NA,NA,Baltic Sea,NA,,
2018,bwp.27.2729-32,NA,1.045,F,B_index,127,NA,NA,2022,NA,NA,NA,NA,NA,NA,Baltic Sea,NA,,
1984,bwp.27.2729-32,NA,NA,F,B_index,1610,NA,NA,2022,NA,NA,NA,NA,NA,NA,Baltic Sea,NA,,
1991,bzq.27.2425,NA,NA,F,SSB,5374,NA,NA,2022,NA,NA,NA,NA,NA,NA,Baltic Sea,NA,,
2002,bzq.27.2425,NA,57.892,F,SSB,12982,NA,NA,2022,NA,NA,NA,NA,NA,NA,Baltic Sea,NA,,
2003,bzq.27.2425,NA,31.713,F,SSB,9360,NA,NA,2022,NA,NA,NA,NA,NA,NA,Baltic Sea,NA,,
1987,bzq.27.2425,NA,NA,F,SSB,5687,NA,NA,2022,NA,NA,NA,NA,NA,NA,Baltic Sea,NA,,
1992,bzq.27.2425,NA,NA,F,SSB,4953,NA,NA,2022,NA,NA,NA,NA,NA,NA,Baltic Sea,NA,,
1985,bzq.27.2425,NA,NA,F,SSB,6009,NA,NA,2022,NA,NA,NA,NA,NA,NA,Baltic Sea,NA,,
1993,bzq.27.2425,NA,NA,F,SSB,5231,NA,NA,2022,NA,NA,NA,NA,NA,NA,Baltic Sea,NA,,
1986,bzq.27.2425,NA,NA,F,SSB,7487,NA,NA,2022,NA,NA,NA,NA,NA,NA,Baltic Sea,NA,,
1984,bzq.27.2425,NA,NA,F,SSB,5542,NA,NA,2022,NA,NA,NA,NA,NA,NA,Baltic Sea,NA,,
1995,bzq.27.2425,NA,NA,F,SSB,12602,NA,NA,2022,NA,NA,NA,NA,NA,NA,Baltic Sea,NA,,
1982,bzq.27.2425,NA,NA,F,SSB,5999,NA,NA,2022,NA,NA,NA,NA,NA,NA,Baltic Sea,NA,,
1994,bzq.27.2425,NA,NA,F,SSB,8493,NA,NA,2022,NA,NA,NA,NA,NA,NA,Baltic Sea,NA,,
2008,bzq.27.2425,NA,86.294,F,SSB,10411,NA,NA,2022,NA,NA,NA,NA,NA,NA,Baltic Sea,NA,,
1978,bzq.27.2425,NA,NA,F,SSB,4330,NA,NA,2022,NA,NA,NA,NA,NA,NA,Baltic Sea,NA,,
1996,bzq.27.2425,NA,NA,F,SSB,10517,NA,NA,2022,NA,NA,NA,NA,NA,NA,Baltic Sea,NA,,
1990,bzq.27.2425,NA,NA,F,SSB,4758,NA,NA,2022,NA,NA,NA,NA,NA,NA,Baltic Sea,NA,,
1988,bzq.27.2425,NA,NA,F,SSB,5762,NA,NA,2022,NA,NA,NA,NA,NA,NA,Baltic Sea,NA,,
1999,bzq.27.2425,NA,NA,F,SSB,7165,NA,NA,2022,NA,NA,NA,NA,NA,NA,Baltic Sea,NA,,
1983,bzq.27.2425,NA,NA,F,SSB,6031,NA,NA,2022,NA,NA,NA,NA,NA,NA,Baltic Sea,NA,,
2004,bzq.27.2425,NA,40.936,F,SSB,11370,NA,NA,2022,NA,NA,NA,NA,NA,NA,Baltic Sea,NA,,
1980,bzq.27.2425,NA,NA,F,SSB,4737,NA,NA,2022,NA,NA,NA,NA,NA,NA,Baltic Sea,NA,,
1977,bzq.27.2425,NA,NA,F,SSB,6684,NA,NA,2022,NA,NA,NA,NA,NA,NA,Baltic Sea,NA,,
2005,bzq.27.2425,NA,43.4,F,SSB,12696,NA,NA,2022,NA,NA,NA,NA,NA,NA,Baltic Sea,NA,,
1981,bzq.27.2425,NA,NA,F,SSB,4346,NA,NA,2022,NA,NA,NA,NA,NA,NA,Baltic Sea,NA,,
1997,bzq.27.2425,NA,NA,F,SSB,8697,NA,NA,2022,NA,NA,NA,NA,NA,NA,Baltic Sea,NA,,
2012,bzq.27.2425,NA,96.232,F,SSB,10430,NA,NA,2022,NA,NA,NA,NA,NA,NA,Baltic Sea,NA,,
1976,bzq.27.2425,NA,NA,F,SSB,4890,NA,NA,2022,NA,NA,NA,NA,NA,NA,Baltic Sea,NA,,
2010,bzq.27.2425,NA,107.266,F,SSB,11348,NA,NA,2022,NA,NA,NA,NA,NA,NA,Baltic Sea,NA,,
1979,bzq.27.2425,NA,NA,F,SSB,4462,NA,NA,2022,NA,NA,NA,NA,NA,NA,Baltic Sea,NA,,
2001,bzq.27.2425,NA,30.595,F,SSB,10464,NA,NA,2022,NA,NA,NA,NA,NA,NA,Baltic Sea,NA,,
2006,bzq.27.2425,NA,59.596,F,SSB,10852,NA,NA,2022,NA,NA,NA,NA,NA,NA,Baltic Sea,NA,,
1973,bzq.27.2425,NA,NA,F,SSB,5612,NA,NA,2022,NA,NA,NA,NA,NA,NA,Baltic Sea,NA,,
2009,bzq.27.2425,NA,86.812,F,SSB,10227,NA,NA,2022,NA,NA,NA,NA,NA,NA,Baltic Sea,NA,,
2007,bzq.27.2425,NA,44.602,F,SSB,11891,NA,NA,2022,NA,NA,NA,NA,NA,NA,Baltic Sea,NA,,
2021,bzq.27.2425,NA,114.151,F,SSB,7910,8197,377,2022,NA,NA,NA,NA,NA,NA,Baltic Sea,NA,,
1975,bzq.27.2425,NA,NA,F,SSB,5825,NA,NA,2022,NA,NA,NA,NA,NA,NA,Baltic Sea,NA,,
2000,bzq.27.2425,NA,NA,F,SSB,8288,NA,NA,2022,NA,NA,NA,NA,NA,NA,Baltic Sea,NA,,
2017,bzq.27.2425,NA,197.803,F,SSB,10855,17055,6201,2022,NA,NA,NA,NA,NA,NA,Baltic Sea,NA,,
1989,bzq.27.2425,NA,NA,F,SSB,6632,NA,NA,2022,NA,NA,NA,NA,NA,NA,Baltic Sea,NA,,
2014,bzq.27.2425,NA,134.415,F,SSB,14612,20154,5542,2022,NA,NA,NA,NA,NA,NA,Baltic Sea,NA,,
1998,bzq.27.2425,NA,NA,F,SSB,8587,NA,NA,2022,NA,NA,NA,NA,NA,NA,Baltic Sea,NA,,
2013,bzq.27.2425,NA,114.529,F,SSB,14318,NA,NA,2022,NA,NA,NA,NA,NA,NA,Baltic Sea,NA,,
2016,bzq.27.2425,NA,206.956,F,SSB,14622,19779,5143,2022,NA,NA,NA,NA,NA,NA,Baltic Sea,NA,,
2020,bzq.27.2425,NA,129.932,F,SSB,9112,10105,992,2022,NA,NA,NA,NA,NA,NA,Baltic Sea,NA,,
1974,bzq.27.2425,NA,NA,F,SSB,6822,NA,NA,2022,NA,NA,NA,NA,NA,NA,Baltic Sea,NA,,
2019,bzq.27.2425,NA,128.973,F,SSB,11815,14657,2842,2022,NA,NA,NA,NA,NA,NA,Baltic Sea,NA,,
2015,bzq.27.2425,NA,162.854,F,SSB,11090,17055,5965,2022,NA,NA,NA,NA,NA,NA,Baltic Sea,NA,,
2011,bzq.27.2425,NA,73.079,F,SSB,10610,NA,NA,2022,NA,NA,NA,NA,NA,NA,Baltic Sea,NA,,
2018,bzq.27.2425,NA,116.317,F,SSB,12788,19107,6318,2022,NA,NA,NA,NA,NA,NA,Baltic Sea,NA,,
2020,bzq.27.2628,NA,69.24,F,SSB,1965,2066,101,2022,NA,NA,NA,NA,NA,NA,Baltic Sea,NA,,
2008,bzq.27.2628,NA,198.78,F,SSB,4727,NA,NA,2022,NA,NA,NA,NA,NA,NA,Baltic Sea,NA,,
2017,bzq.27.2628,NA,105.53,F,SSB,3908,4325,418,2022,NA,NA,NA,NA,NA,NA,Baltic Sea,NA,,
2009,bzq.27.2628,NA,146.5,F,SSB,3398,NA,NA,2022,NA,NA,NA,NA,NA,NA,Baltic Sea,NA,,
2007,bzq.27.2628,NA,223.6,F,SSB,5905,NA,NA,2022,NA,NA,NA,NA,NA,NA,Baltic Sea,NA,,
2011,bzq.27.2628,NA,209.88,F,SSB,3387,NA,NA,2022,NA,NA,NA,NA,NA,NA,Baltic Sea,NA,,
2018,bzq.27.2628,NA,72.67,F,SSB,3475,4734,1259,2022,NA,NA,NA,NA,NA,NA,Baltic Sea,NA,,
2006,bzq.27.2628,NA,151.17,F,SSB,4524,NA,NA,2022,NA,NA,NA,NA,NA,NA,Baltic Sea,NA,,
2010,bzq.27.2628,NA,196.39,F,SSB,3577,NA,NA,2022,NA,NA,NA,NA,NA,NA,Baltic Sea,NA,,
2002,bzq.27.2628,NA,316.52,F,SSB,3798,NA,NA,2022,NA,NA,NA,NA,NA,NA,Baltic Sea,NA,,
2000,bzq.27.2628,NA,NA,F,SSB,3049,NA,NA,2022,NA,NA,NA,NA,NA,NA,Baltic Sea,NA,,
2019,bzq.27.2628,NA,119.33,F,SSB,2740,3390,650,2022,NA,NA,NA,NA,NA,NA,Baltic Sea,NA,,
2003,bzq.27.2628,NA,143.6,F,SSB,3929,NA,NA,2022,NA,NA,NA,NA,NA,NA,Baltic Sea,NA,,
2021,bzq.27.2628,NA,72.37,F,SSB,1911,1911,NA,2022,NA,NA,NA,NA,NA,NA,Baltic Sea,NA,,
2001,bzq.27.2628,NA,437.1,F,SSB,3941,NA,NA,2022,NA,NA,NA,NA,NA,NA,Baltic Sea,NA,,
1999,bzq.27.2628,NA,NA,F,SSB,3590,NA,NA,2022,NA,NA,NA,NA,NA,NA,Baltic Sea,NA,,
2012,bzq.27.2628,NA,134.2,F,SSB,3959,NA,NA,2022,NA,NA,NA,NA,NA,NA,Baltic Sea,NA,,
2013,bzq.27.2628,NA,175.81,F,SSB,5089,NA,NA,2022,NA,NA,NA,NA,NA,NA,Baltic Sea,NA,,
1996,bzq.27.2628,NA,NA,F,SSB,4043,NA,NA,2022,NA,NA,NA,NA,NA,NA,Baltic Sea,NA,,
1998,bzq.27.2628,NA,NA,F,SSB,3940,NA,NA,2022,NA,NA,NA,NA,NA,NA,Baltic Sea,NA,,
2016,bzq.27.2628,NA,51.64,F,SSB,4252,4442,191,2022,NA,NA,NA,NA,NA,NA,Baltic Sea,NA,,
1997,bzq.27.2628,NA,NA,F,SSB,4175,NA,NA,2022,NA,NA,NA,NA,NA,NA,Baltic Sea,NA,,
2005,bzq.27.2628,NA,294.95,F,SSB,6058,NA,NA,2022,NA,NA,NA,NA,NA,NA,Baltic Sea,NA,,
2015,bzq.27.2628,NA,68.8,F,SSB,4443,5388,945,2022,NA,NA,NA,NA,NA,NA,Baltic Sea,NA,,
2014,bzq.27.2628,NA,95.84,F,SSB,4614,NA,NA,2022,NA,NA,NA,NA,NA,NA,Baltic Sea,NA,,
2004,bzq.27.2628,NA,366.87,F,SSB,4943,NA,NA,2022,NA,NA,NA,NA,NA,NA,Baltic Sea,NA,,
2012,cod.27.22-24,0.995,0.682,Fishing pressure: Relative,NA,8622,NA,369.658,2023,NA,NA,NA,0.661928359,NA,1.032058207,Baltic Sea,NA,,0.660815442
2009,cod.27.22-24,0.874,0.633,Fishing pressure: Relative,NA,7313,NA,351.04,2023,NA,NA,NA,0.661928359,NA,1.032058207,Baltic Sea,NA,,0.6133375
2010,cod.27.22-24,1.077,0.608,Fishing pressure: Relative,NA,8007,NA,838.238,2023,NA,NA,NA,0.661928359,NA,1.032058207,Baltic Sea,NA,,0.58911406
2011,cod.27.22-24,1.008,0.639,Fishing pressure: Relative,NA,9107,NA,298.823,2023,NA,NA,NA,0.661928359,NA,1.032058207,Baltic Sea,NA,,0.619151125
2002,cod.27.22-24,0.968,1.399,Fishing pressure: Relative,NA,20410,NA,1395.108,2023,NA,NA,NA,0.661928359,NA,1.032058207,Baltic Sea,NA,,1.3555437
1999,cod.27.22-24,1.306,1.797,Fishing pressure: Relative,NA,35934,NA,4378.157,2023,NA,NA,NA,0.661928359,NA,1.032058207,Baltic Sea,NA,,1.741180864
2000,cod.27.22-24,1.213,1.694,Fishing pressure: Relative,NA,31132,NA,3738.037,2023,NA,NA,NA,0.661928359,NA,1.032058207,Baltic Sea,NA,,1.641380291
2001,cod.27.22-24,1.168,1.546,Fishing pressure: Relative,NA,27781,NA,2449.182,2023,NA,NA,NA,0.661928359,NA,1.032058207,Baltic Sea,NA,,1.497977526
2007,cod.27.22-24,0.904,1.275,Fishing pressure: Relative,NA,17384,NA,1325.188,2023,NA,NA,NA,0.661928359,NA,1.032058207,Baltic Sea,NA,,1.235395437
2008,cod.27.22-24,0.89,0.885,Fishing pressure: Relative,NA,11302,NA,335.652,2023,NA,NA,NA,0.661928359,NA,1.032058207,Baltic Sea,NA,,0.857509774
1995,cod.27.22-24,1.166,1.599,Fishing pressure: Relative,NA,28310,NA,3015.816,2023,NA,NA,NA,0.661928359,NA,1.032058207,Baltic Sea,NA,,1.549331219
1996,cod.27.22-24,1.262,2.075,Fishing pressure: Relative,NA,38505,NA,6867.955,2023,NA,NA,NA,0.661928359,NA,1.032058207,Baltic Sea,NA,,2.010545516
1997,cod.27.22-24,1.091,2.188,Fishing pressure: Relative,NA,37077,NA,3981.146,2023,NA,NA,NA,0.661928359,NA,1.032058207,Baltic Sea,NA,,2.120035464
1998,cod.27.22-24,1.273,1.627,Fishing pressure: Relative,NA,29634,NA,5575.363,2023,NA,NA,NA,0.661928359,NA,1.032058207,Baltic Sea,NA,,1.576461472
1985,cod.27.22-24,1.214,1.558,Fishing pressure: Relative,NA,33188,NA,NA,2023,NA,NA,NA,0.661928359,NA,1.032058207,Baltic Sea,NA,,1.509604778
2013,cod.27.22-24,1.133,0.559,Fishing pressure: Relative,NA,7697,NA,1007.279,2023,NA,NA,NA,0.661928359,NA,1.032058207,Baltic Sea,NA,,0.541636117
2014,cod.27.22-24,0.979,0.71,Fishing pressure: Relative,NA,8083,NA,836.572,2023,NA,NA,NA,0.661928359,NA,1.032058207,Baltic Sea,NA,,0.687945695
2015,cod.27.22-24,0.946,0.759,Fishing pressure: Relative,NA,8390,NA,431.531,2023,NA,NA,NA,0.661928359,NA,1.032058207,Baltic Sea,NA,,0.735423637
2003,cod.27.22-24,1.018,1.272,Fishing pressure: Relative,NA,17205,NA,3473.407,2023,NA,NA,NA,0.661928359,NA,1.032058207,Baltic Sea,NA,,1.232488625
2004,cod.27.22-24,1,1.252,Fishing pressure: Relative,NA,17686,NA,2188.819,2023,NA,NA,NA,0.661928359,NA,1.032058207,Baltic Sea,NA,,1.213109873
2005,cod.27.22-24,0.939,1.458,Fishing pressure: Relative,NA,18493,NA,3264.748,2023,NA,NA,NA,0.661928359,NA,1.032058207,Baltic Sea,NA,,1.412711018
2006,cod.27.22-24,0.883,1.404,Fishing pressure: Relative,NA,18503,NA,1686.475,2023,NA,NA,NA,0.661928359,NA,1.032058207,Baltic Sea,NA,,1.360388388
1993,cod.27.22-24,0.787,0.993,Fishing pressure: Relative,NA,11815,NA,NA,2023,NA,NA,NA,0.661928359,NA,1.032058207,Baltic Sea,NA,,0.962155035
1994,cod.27.22-24,0.802,1.427,Fishing pressure: Relative,NA,16642,NA,1614.274,2023,NA,NA,NA,0.661928359,NA,1.032058207,Baltic Sea,NA,,1.382673952
2021,cod.27.22-24,0.583,0.192,Fishing pressure: Relative,NA,1065,NA,51,2023,NA,NA,NA,0.661928359,NA,1.032058207,Baltic Sea,NA,,0.186036019
2022,cod.27.22-24,0.138,0.156,Fishing pressure: Relative,NA,88,NA,27,2023,NA,NA,NA,0.661928359,NA,1.032058207,Baltic Sea,NA,,0.151154265
2023,cod.27.22-24,NA,0.232,Fishing pressure: Relative,NA,NA,NA,NA,2023,NA,NA,NA,0.661928359,NA,1.032058207,Baltic Sea,NA,,0.224793523
1989,cod.27.22-24,0.92,0.867,Fishing pressure: Relative,NA,12795,NA,NA,2023,NA,NA,NA,0.661928359,NA,1.032058207,Baltic Sea,NA,,0.840068897
1986,cod.27.22-24,1.092,1.089,Fishing pressure: Relative,NA,20088,NA,NA,2023,NA,NA,NA,0.661928359,NA,1.032058207,Baltic Sea,NA,,1.055173044
1987,cod.27.22-24,1.108,1.151,Fishing pressure: Relative,NA,21692,NA,NA,2023,NA,NA,NA,0.661928359,NA,1.032058207,Baltic Sea,NA,,1.115247175
1988,cod.27.22-24,1.003,1.217,Fishing pressure: Relative,NA,20672,NA,NA,2023,NA,NA,NA,0.661928359,NA,1.032058207,Baltic Sea,NA,,1.179197057
2019,cod.27.22-24,0.928,0.539,Fishing pressure: Relative,NA,6103,NA,655,2023,NA,NA,NA,0.661928359,NA,1.032058207,Baltic Sea,NA,,0.522257365
1990,cod.27.22-24,1.294,0.594,Fishing pressure: Relative,NA,12237,NA,NA,2023,NA,NA,NA,0.661928359,NA,1.032058207,Baltic Sea,NA,,0.575548933
1991,cod.27.22-24,1.558,0.517,Fishing pressure: Relative,NA,12931,NA,NA,2023,NA,NA,NA,0.661928359,NA,1.032058207,Baltic Sea,NA,,0.500940738
1992,cod.27.22-24,1.586,0.612,Fishing pressure: Relative,NA,15672,NA,NA,2023,NA,NA,NA,0.661928359,NA,1.032058207,Baltic Sea,NA,,0.59298981
2018,cod.27.22-24,0.62,0.459,Fishing pressure: Relative,NA,3555,NA,157.32,2023,NA,NA,NA,0.661928359,NA,1.032058207,Baltic Sea,NA,,0.444742357
2020,cod.27.22-24,0.638,0.367,Fishing pressure: Relative,NA,2900,NA,151.827,2023,NA,NA,NA,0.661928359,NA,1.032058207,Baltic Sea,NA,,0.355600098
2016,cod.27.22-24,0.936,0.56,Fishing pressure: Relative,NA,6122,NA,143.022,2023,NA,NA,NA,0.661928359,NA,1.032058207,Baltic Sea,NA,,0.542605055
2017,cod.27.22-24,0.701,0.409,Fishing pressure: Relative,NA,3861,NA,179.699,2023,NA,NA,NA,0.661928359,NA,1.032058207,Baltic Sea,NA,,0.396295478
1976,cod.27.24-32,0.495,245620,F,SSB,210275,214616,4341,2023,NA,NA,122114,108942,NA,122114,Baltic Sea,NA,,2.011399184
2002,cod.27.24-32,0.723,85029,F,SSB,72800,74824,2024,2023,NA,NA,122114,108942,NA,122114,Baltic Sea,NA,,0.696308368
1973,cod.27.24-32,0.626,143028,F,SSB,150484,157975,7491,2023,NA,NA,122114,108942,NA,122114,Baltic Sea,NA,,1.171266194
1974,cod.27.24-32,0.493,195401,F,SSB,154738,162671,7933,2023,NA,NA,122114,108942,NA,122114,Baltic Sea,NA,,1.600152317
1975,cod.27.24-32,0.503,245200,F,SSB,200325,209901,9576,2023,NA,NA,122114,108942,NA,122114,Baltic Sea,NA,,2.007959775
2006,cod.27.24-32,0.654,94986,F,SSB,72298,77086,4788,2023,NA,NA,122114,108942,NA,122114,Baltic Sea,NA,,0.77784693
2003,cod.27.24-32,0.736,86704,F,SSB,75206,78093,2886,2023,NA,NA,122114,108942,NA,122114,Baltic Sea,NA,,0.710025059
2004,cod.27.24-32,0.754,75587,F,SSB,73887,75276,1389,2023,NA,NA,122114,108942,NA,122114,Baltic Sea,NA,,0.618987176
2005,cod.27.24-32,0.589,94283,F,SSB,61096,64495,3399,2023,NA,NA,122114,108942,NA,122114,Baltic Sea,NA,,0.772090014
1971,cod.27.24-32,0.79,120588,F,SSB,171426,176852,5426,2023,NA,NA,122114,108942,NA,122114,Baltic Sea,NA,,0.98750348
1972,cod.27.24-32,0.722,121452,F,SSB,151140,159630,8490,2023,NA,NA,122114,108942,NA,122114,Baltic Sea,NA,,0.994578836
1999,cod.27.24-32,0.948,51971,F,SSB,79216,81653,2437,2023,NA,NA,122114,108942,NA,122114,Baltic Sea,NA,,0.425594117
2000,cod.27.24-32,1.034,61608,F,SSB,95605,102833,7228,2023,NA,NA,122114,108942,NA,122114,Baltic Sea,NA,,0.504512177
2001,cod.27.24-32,1.011,75403,F,SSB,99122,102402,3280,2023,NA,NA,122114,108942,NA,122114,Baltic Sea,NA,,0.617480387
2015,cod.27.24-32,0.38,132347,F,SSB,43108,50008,6900,2023,NA,NA,122114,108942,NA,122114,Baltic Sea,NA,,1.083798745
2016,cod.27.24-32,0.298,113740,F,SSB,33854,37438,3585,2023,NA,NA,122114,108942,NA,122114,Baltic Sea,NA,,0.931424734
1977,cod.27.24-32,0.407,252350,F,SSB,171435,174413,2978,2023,NA,NA,122114,108942,NA,122114,Baltic Sea,NA,,2.06651162
1978,cod.27.24-32,0.338,310759,F,SSB,160562,170437,9875,2023,NA,NA,122114,108942,NA,122114,Baltic Sea,NA,,2.544826965
1979,cod.27.24-32,0.374,407244,F,SSB,235444,250020,14576,2023,NA,NA,122114,108942,NA,122114,Baltic Sea,NA,,3.33494931
2007,cod.27.24-32,0.524,93791,F,SSB,59635,64656,5021,2023,NA,NA,122114,108942,NA,122114,Baltic Sea,NA,,0.768060992
2008,cod.27.24-32,0.394,134284,F,SSB,51045,55578,4533,2023,NA,NA,122114,108942,NA,122114,Baltic Sea,NA,,1.099660973
2009,cod.27.24-32,0.372,148363,F,SSB,56722,60513,3792,2023,NA,NA,122114,108942,NA,122114,Baltic Sea,NA,,1.214954878
2010,cod.27.24-32,0.351,152917,F,SSB,56325,60400,4076,2023,NA,NA,122114,108942,NA,122114,Baltic Sea,NA,,1.2522479
2011,cod.27.24-32,0.393,136020,F,SSB,57913,62245,4332,2023,NA,NA,122114,108942,NA,122114,Baltic Sea,NA,,1.113877197
2012,cod.27.24-32,0.533,108942,F,SSB,59694,67024,7331,2023,NA,NA,122114,108942,NA,122114,Baltic Sea,NA,,0.89213358
2013,cod.27.24-32,0.396,102055,F,SSB,36714,42977,6263,2023,NA,NA,122114,108942,NA,122114,Baltic Sea,NA,,0.83573546
2014,cod.27.24-32,0.388,111502,F,SSB,34364,45289,10925,2023,NA,NA,122114,108942,NA,122114,Baltic Sea,NA,,0.913097597
1988,cod.27.24-32,0.801,142483,F,SSB,203274,210527,7253,2023,NA,NA,122114,108942,NA,122114,Baltic Sea,NA,,1.166803151
1989,cod.27.24-32,0.806,119505,F,SSB,184899,188361,3462,2023,NA,NA,122114,108942,NA,122114,Baltic Sea,NA,,0.978634718
1990,cod.27.24-32,0.929,90070,F,SSB,159089,163276,4187,2023,NA,NA,122114,108942,NA,122114,Baltic Sea,NA,,0.737589466
1991,cod.27.24-32,1.049,57472,F,SSB,126279,129020,2741,2023,NA,NA,122114,108942,NA,122114,Baltic Sea,NA,,0.470642187
1992,cod.27.24-32,0.556,60987,F,SSB,57206,59110,1904,2023,NA,NA,122114,108942,NA,122114,Baltic Sea,NA,,0.499426765
1993,cod.27.24-32,0.349,103145,F,SSB,54596,56154,1558,2023,NA,NA,122114,108942,NA,122114,Baltic Sea,NA,,0.844661546
1994,cod.27.24-32,0.539,120533,F,SSB,107407,109984,2577,2023,NA,NA,122114,108942,NA,122114,Baltic Sea,NA,,0.987053082
1995,cod.27.24-32,0.55,132252,F,SSB,113303,115843,2540,2023,NA,NA,122114,108942,NA,122114,Baltic Sea,NA,,1.083020784
1996,cod.27.24-32,0.848,93871,F,SSB,134229,136788,2559,2023,NA,NA,122114,108942,NA,122114,Baltic Sea,NA,,0.768716118
1997,cod.27.24-32,0.911,63303,F,SSB,95147,99251,4103,2023,NA,NA,122114,108942,NA,122114,Baltic Sea,NA,,0.518392649
1998,cod.27.24-32,0.882,56050,F,SSB,72010,74940,2930,2023,NA,NA,122114,108942,NA,122114,Baltic Sea,NA,,0.45899733
1958,cod.27.24-32,0.642,118619,F,SSB,136301,136301,NA,2023,NA,NA,122114,108942,NA,122114,Baltic Sea,NA,,0.971379203
1959,cod.27.24-32,0.694,100056,F,SSB,126033,126033,NA,2023,NA,NA,122114,108942,NA,122114,Baltic Sea,NA,,0.819365511
1960,cod.27.24-32,0.905,84590,F,SSB,145408,145408,NA,2023,NA,NA,122114,108942,NA,122114,Baltic Sea,NA,,0.692713366
1961,cod.27.24-32,0.733,83824,F,SSB,112034,112034,NA,2023,NA,NA,122114,108942,NA,122114,Baltic Sea,NA,,0.686440539
1962,cod.27.24-32,0.733,86508,F,SSB,115553,115553,NA,2023,NA,NA,122114,108942,NA,122114,Baltic Sea,NA,,0.708420001
1963,cod.27.24-32,0.783,84970,F,SSB,123047,123047,NA,2023,NA,NA,122114,108942,NA,122114,Baltic Sea,NA,,0.695825213
1964,cod.27.24-32,0.596,93140,F,SSB,97788,97788,NA,2023,NA,NA,122114,108942,NA,122114,Baltic Sea,NA,,0.762729908
1965,cod.27.24-32,0.579,108468,F,SSB,109809,109809,NA,2023,NA,NA,122114,108942,NA,122114,Baltic Sea,NA,,0.888251961
1966,cod.27.24-32,0.876,118741,F,SSB,183942,192677,8735,2023,NA,NA,122114,108942,NA,122114,Baltic Sea,NA,,0.972378269
1967,cod.27.24-32,0.845,137163,F,SSB,202345,214078,11733,2023,NA,NA,122114,108942,NA,122114,Baltic Sea,NA,,1.123237303
1968,cod.27.24-32,0.88,142177,F,SSB,224967,234667,9700,2023,NA,NA,122114,108942,NA,122114,Baltic Sea,NA,,1.164297296
1969,cod.27.24-32,0.879,138226,F,SSB,218140,228794,10654,2023,NA,NA,122114,108942,NA,122114,Baltic Sea,NA,,1.131942283
1970,cod.27.24-32,0.868,129559,F,SSB,204171,211796,7625,2023,NA,NA,122114,108942,NA,122114,Baltic Sea,NA,,1.06096762
1985,cod.27.24-32,0.645,282790,F,SSB,322054,330253,8199,2023,NA,NA,122114,108942,NA,122114,Baltic Sea,NA,,2.315786888
1986,cod.27.24-32,0.718,195258,F,SSB,259162,263010,3848,2023,NA,NA,122114,108942,NA,122114,Baltic Sea,NA,,1.59898128
1987,cod.27.24-32,0.786,149671,F,SSB,213955,223295,9340,2023,NA,NA,122114,108942,NA,122114,Baltic Sea,NA,,1.225666181
1946,cod.27.24-32,0.394,62861,F,SSB,40985,40985,NA,2023,NA,NA,122114,108942,NA,122114,Baltic Sea,NA,,0.514773081
1947,cod.27.24-32,0.51,82786,F,SSB,71831,71831,NA,2023,NA,NA,122114,108942,NA,122114,Baltic Sea,NA,,0.677940285
1948,cod.27.24-32,0.577,106429,F,SSB,107104,107104,NA,2023,NA,NA,122114,108942,NA,122114,Baltic Sea,NA,,0.871554449
2017,cod.27.24-32,0.307,85337,F,SSB,27500,30965,3465,2023,NA,NA,122114,108942,NA,122114,Baltic Sea,NA,,0.698830601
2018,cod.27.24-32,0.267,73682,F,SSB,18202,21605,3403,2023,NA,NA,122114,108942,NA,122114,Baltic Sea,NA,,0.603386999
1980,cod.27.24-32,0.474,457303,F,SSB,355340,363884,8544,2023,NA,NA,122114,108942,NA,122114,Baltic Sea,NA,,3.744885926
1981,cod.27.24-32,0.481,421705,F,SSB,345401,351586,6185,2023,NA,NA,122114,108942,NA,122114,Baltic Sea,NA,,3.45337144
1982,cod.27.24-32,0.46,446399,F,SSB,328291,339839,11548,2023,NA,NA,122114,108942,NA,122114,Baltic Sea,NA,,3.655592315
1983,cod.27.24-32,0.463,443801,F,SSB,342001,352999,10998,2023,NA,NA,122114,108942,NA,122114,Baltic Sea,NA,,3.634317114
1984,cod.27.24-32,0.606,377474,F,SSB,400661,409182,8521,2023,NA,NA,122114,108942,NA,122114,Baltic Sea,NA,,3.091160719
1956,cod.27.24-32,0.605,142610,F,SSB,151985,151985,NA,2023,NA,NA,122114,108942,NA,122114,Baltic Sea,NA,,1.167843163
1957,cod.27.24-32,0.741,133830,F,SSB,181366,181366,NA,2023,NA,NA,122114,108942,NA,122114,Baltic Sea,NA,,1.095943135
1949,cod.27.24-32,0.559,115173,F,SSB,112735,112735,NA,2023,NA,NA,122114,108942,NA,122114,Baltic Sea,NA,,0.94315967
1950,cod.27.24-32,0.585,121151,F,SSB,124509,124509,NA,2023,NA,NA,122114,108942,NA,122114,Baltic Sea,NA,,0.992113926
1951,cod.27.24-32,0.59,133125,F,SSB,137815,137815,NA,2023,NA,NA,122114,108942,NA,122114,Baltic Sea,NA,,1.090169841
1952,cod.27.24-32,0.659,136569,F,SSB,161103,161103,NA,2023,NA,NA,122114,108942,NA,122114,Baltic Sea,NA,,1.118372996
1953,cod.27.24-32,0.484,142489,F,SSB,118132,118132,NA,2023,NA,NA,122114,108942,NA,122114,Baltic Sea,NA,,1.166852286
1954,cod.27.24-32,0.524,136804,F,SSB,123947,123947,NA,2023,NA,NA,122114,108942,NA,122114,Baltic Sea,NA,,1.120297427
1955,cod.27.24-32,0.486,138087,F,SSB,114415,114415,NA,2023,NA,NA,122114,108942,NA,122114,Baltic Sea,NA,,1.130804003
2022,cod.27.24-32,0.015,76713,F,SSB,1146,1181,35,2023,NA,NA,122114,108942,NA,122114,Baltic Sea,NA,,0.628208068
2023,cod.27.24-32,NA,76903,F,SSB,NA,NA,NA,2023,NA,NA,122114,108942,NA,122114,Baltic Sea,NA,,0.629763991
2019,cod.27.24-32,0.16,68094,F,SSB,9980,11938,1958,2023,NA,NA,122114,108942,NA,122114,Baltic Sea,NA,,0.55762648
2020,cod.27.24-32,0.039,64835,F,SSB,2748,2899,152,2023,NA,NA,122114,108942,NA,122114,Baltic Sea,NA,,0.530938304
2021,cod.27.24-32,0.024,69026,F,SSB,1651,1764,113,2023,NA,NA,122114,108942,NA,122114,Baltic Sea,NA,,0.565258693
1981,dab.27.22-32,NA,NA,F,B_index,1865,NA,NA,2023,NA,NA,NA,NA,NA,NA,Baltic Sea,NA,,
2011,dab.27.22-32,NA,160.258,F,B_index,1268,NA,NA,2023,NA,NA,NA,NA,NA,NA,Baltic Sea,NA,,
1982,dab.27.22-32,NA,NA,F,B_index,2209,NA,NA,2023,NA,NA,NA,NA,NA,NA,Baltic Sea,NA,,
1976,dab.27.22-32,NA,NA,F,B_index,1456,NA,NA,2023,NA,NA,NA,NA,NA,NA,Baltic Sea,NA,,
1977,dab.27.22-32,NA,NA,F,B_index,1048,NA,NA,2023,NA,NA,NA,NA,NA,NA,Baltic Sea,NA,,
1978,dab.27.22-32,NA,NA,F,B_index,1144,NA,NA,2023,NA,NA,NA,NA,NA,NA,Baltic Sea,NA,,
1979,dab.27.22-32,NA,NA,F,B_index,1639,NA,NA,2023,NA,NA,NA,NA,NA,NA,Baltic Sea,NA,,
1980,dab.27.22-32,NA,NA,F,B_index,1758,NA,NA,2023,NA,NA,NA,NA,NA,NA,Baltic Sea,NA,,
2020,dab.27.22-32,NA,113.07,F,B_index,1026,1599,573,2023,NA,NA,NA,NA,NA,NA,Baltic Sea,NA,,
2021,dab.27.22-32,NA,132.37,F,B_index,793,1261,468,2023,NA,NA,NA,NA,NA,NA,Baltic Sea,NA,,
2022,dab.27.22-32,NA,160.608,F,B_index,256,389,133,2023,NA,NA,NA,NA,NA,NA,Baltic Sea,NA,,
1983,dab.27.22-32,NA,NA,F,B_index,2334,NA,NA,2023,NA,NA,NA,NA,NA,NA,Baltic Sea,NA,,
1984,dab.27.22-32,NA,NA,F,B_index,2132,NA,NA,2023,NA,NA,NA,NA,NA,NA,Baltic Sea,NA,,
2012,dab.27.22-32,NA,128.535,F,B_index,1285,2476,1191,2023,NA,NA,NA,NA,NA,NA,Baltic Sea,NA,,
2013,dab.27.22-32,NA,139.947,F,B_index,1384,2842,1458,2023,NA,NA,NA,NA,NA,NA,Baltic Sea,NA,,
2014,dab.27.22-32,NA,177.587,F,B_index,1269,2026,757,2023,NA,NA,NA,NA,NA,NA,Baltic Sea,NA,,
2015,dab.27.22-32,NA,119.593,F,B_index,1268,2323,1055,2023,NA,NA,NA,NA,NA,NA,Baltic Sea,NA,,
2016,dab.27.22-32,NA,133.299,F,B_index,1356,2363,1007,2023,NA,NA,NA,NA,NA,NA,Baltic Sea,NA,,
2017,dab.27.22-32,NA,96.179,F,B_index,1227,2167,940,2023,NA,NA,NA,NA,NA,NA,Baltic Sea,NA,,
2018,dab.27.22-32,NA,134.118,F,B_index,941,1781,840,2023,NA,NA,NA,NA,NA,NA,Baltic Sea,NA,,
2019,dab.27.22-32,NA,89.732,F,B_index,1102,1903,801,2023,NA,NA,NA,NA,NA,NA,Baltic Sea,NA,,
2006,dab.27.22-32,NA,79.555,F,B_index,1228,NA,NA,2023,NA,NA,NA,NA,NA,NA,Baltic Sea,NA,,
2007,dab.27.22-32,NA,77.245,F,B_index,1504,NA,NA,2023,NA,NA,NA,NA,NA,NA,Baltic Sea,NA,,
2008,dab.27.22-32,NA,57.174,F,B_index,1648,NA,NA,2023,NA,NA,NA,NA,NA,NA,Baltic Sea,NA,,
2009,dab.27.22-32,NA,76.876,F,B_index,1268,NA,NA,2023,NA,NA,NA,NA,NA,NA,Baltic Sea,NA,,
2010,dab.27.22-32,NA,113.508,F,B_index,1041,NA,NA,2023,NA,NA,NA,NA,NA,NA,Baltic Sea,NA,,
1970,dab.27.22-32,NA,NA,F,B_index,950,NA,NA,2023,NA,NA,NA,NA,NA,NA,Baltic Sea,NA,,
1971,dab.27.22-32,NA,NA,F,B_index,1011,NA,NA,2023,NA,NA,NA,NA,NA,NA,Baltic Sea,NA,,
1972,dab.27.22-32,NA,NA,F,B_index,1235,NA,NA,2023,NA,NA,NA,NA,NA,NA,Baltic Sea,NA,,
1973,dab.27.22-32,NA,NA,F,B_index,1311,NA,NA,2023,NA,NA,NA,NA,NA,NA,Baltic Sea,NA,,
1974,dab.27.22-32,NA,NA,F,B_index,1399,NA,NA,2023,NA,NA,NA,NA,NA,NA,Baltic Sea,NA,,
1975,dab.27.22-32,NA,NA,F,B_index,1530,NA,NA,2023,NA,NA,NA,NA,NA,NA,Baltic Sea,NA,,
1990,dab.27.22-32,NA,NA,F,B_index,2175,NA,NA,2023,NA,NA,NA,NA,NA,NA,Baltic Sea,NA,,
1991,dab.27.22-32,NA,NA,F,B_index,2172,NA,NA,2023,NA,NA,NA,NA,NA,NA,Baltic Sea,NA,,
1992,dab.27.22-32,NA,NA,F,B_index,1908,NA,NA,2023,NA,NA,NA,NA,NA,NA,Baltic Sea,NA,,
1993,dab.27.22-32,NA,NA,F,B_index,1727,NA,NA,2023,NA,NA,NA,NA,NA,NA,Baltic Sea,NA,,
1994,dab.27.22-32,NA,NA,F,B_index,3106,NA,NA,2023,NA,NA,NA,NA,NA,NA,Baltic Sea,NA,,
1995,dab.27.22-32,NA,NA,F,B_index,2943,NA,NA,2023,NA,NA,NA,NA,NA,NA,Baltic Sea,NA,,
1996,dab.27.22-32,NA,NA,F,B_index,2229,NA,NA,2023,NA,NA,NA,NA,NA,NA,Baltic Sea,NA,,
1997,dab.27.22-32,NA,NA,F,B_index,1248,NA,NA,2023,NA,NA,NA,NA,NA,NA,Baltic Sea,NA,,
1985,dab.27.22-32,NA,NA,F,B_index,1958,NA,NA,2023,NA,NA,NA,NA,NA,NA,Baltic Sea,NA,,
1986,dab.27.22-32,NA,NA,F,B_index,2001,NA,NA,2023,NA,NA,NA,NA,NA,NA,Baltic Sea,NA,,
1987,dab.27.22-32,NA,NA,F,B_index,2184,NA,NA,2023,NA,NA,NA,NA,NA,NA,Baltic Sea,NA,,
1988,dab.27.22-32,NA,NA,F,B_index,2320,NA,NA,2023,NA,NA,NA,NA,NA,NA,Baltic Sea,NA,,
1989,dab.27.22-32,NA,NA,F,B_index,2039,NA,NA,2023,NA,NA,NA,NA,NA,NA,Baltic Sea,NA,,
2003,dab.27.22-32,NA,61.049,F,B_index,1233,NA,NA,2023,NA,NA,NA,NA,NA,NA,Baltic Sea,NA,,
2004,dab.27.22-32,NA,59.087,F,B_index,1894,NA,NA,2023,NA,NA,NA,NA,NA,NA,Baltic Sea,NA,,
2005,dab.27.22-32,NA,73.253,F,B_index,1495,NA,NA,2023,NA,NA,NA,NA,NA,NA,Baltic Sea,NA,,
2001,dab.27.22-32,NA,69.783,F,B_index,861,NA,NA,2023,NA,NA,NA,NA,NA,NA,Baltic Sea,NA,,
1998,dab.27.22-32,NA,NA,F,B_index,960,NA,NA,2023,NA,NA,NA,NA,NA,NA,Baltic Sea,NA,,
1999,dab.27.22-32,NA,NA,F,B_index,1071,NA,NA,2023,NA,NA,NA,NA,NA,NA,Baltic Sea,NA,,
2000,dab.27.22-32,NA,NA,F,B_index,876,NA,NA,2023,NA,NA,NA,NA,NA,NA,Baltic Sea,NA,,
2002,dab.27.22-32,NA,36.948,F,B_index,715,NA,NA,2023,NA,NA,NA,NA,NA,NA,Baltic Sea,NA,,
1997,fle.27.2223,NA,NA,F,SSB,2053,NA,NA,2022,NA,NA,NA,NA,NA,NA,Baltic Sea,NA,,
2008,fle.27.2223,NA,26.43,F,SSB,1427,NA,NA,2022,NA,NA,NA,NA,NA,NA,Baltic Sea,NA,,
1996,fle.27.2223,NA,NA,F,SSB,1517,NA,NA,2022,NA,NA,NA,NA,NA,NA,Baltic Sea,NA,,
1995,fle.27.2223,NA,NA,F,SSB,1434,NA,NA,2022,NA,NA,NA,NA,NA,NA,Baltic Sea,NA,,
2007,fle.27.2223,NA,29.53,F,SSB,1250,NA,NA,2022,NA,NA,NA,NA,NA,NA,Baltic Sea,NA,,
1991,fle.27.2223,NA,NA,F,SSB,1171,NA,NA,2022,NA,NA,NA,NA,NA,NA,Baltic Sea,NA,,
1994,fle.27.2223,NA,NA,F,SSB,1191,NA,NA,2022,NA,NA,NA,NA,NA,NA,Baltic Sea,NA,,
1992,fle.27.2223,NA,NA,F,SSB,1125,NA,NA,2022,NA,NA,NA,NA,NA,NA,Baltic Sea,NA,,
2003,fle.27.2223,NA,15.84,F,SSB,1337,NA,NA,2022,NA,NA,NA,NA,NA,NA,Baltic Sea,NA,,
2013,fle.27.2223,NA,62.55,F,SSB,1454,NA,NA,2022,NA,NA,NA,NA,NA,NA,Baltic Sea,NA,,
2015,fle.27.2223,NA,87.04,F,SSB,1130,1443,314,2022,NA,NA,NA,NA,NA,NA,Baltic Sea,NA,,
1998,fle.27.2223,NA,NA,F,SSB,1844,NA,NA,2022,NA,NA,NA,NA,NA,NA,Baltic Sea,NA,,
2006,fle.27.2223,NA,33.35,F,SSB,866,NA,NA,2022,NA,NA,NA,NA,NA,NA,Baltic Sea,NA,,
1989,fle.27.2223,NA,NA,F,SSB,1652,NA,NA,2022,NA,NA,NA,NA,NA,NA,Baltic Sea,NA,,
1990,fle.27.2223,NA,NA,F,SSB,1176,NA,NA,2022,NA,NA,NA,NA,NA,NA,Baltic Sea,NA,,
1999,fle.27.2223,NA,NA,F,SSB,2020,NA,NA,2022,NA,NA,NA,NA,NA,NA,Baltic Sea,NA,,
2010,fle.27.2223,NA,55.14,F,SSB,1053,NA,NA,2022,NA,NA,NA,NA,NA,NA,Baltic Sea,NA,,
2012,fle.27.2223,NA,55.5,F,SSB,1219,NA,NA,2022,NA,NA,NA,NA,NA,NA,Baltic Sea,NA,,
2011,fle.27.2223,NA,42.88,F,SSB,1044,NA,NA,2022,NA,NA,NA,NA,NA,NA,Baltic Sea,NA,,
2004,fle.27.2223,NA,16.6,F,SSB,1298,NA,NA,2022,NA,NA,NA,NA,NA,NA,Baltic Sea,NA,,
2001,fle.27.2223,NA,18.27,F,SSB,2540,NA,NA,2022,NA,NA,NA,NA,NA,NA,Baltic Sea,NA,,
2005,fle.27.2223,NA,12.87,F,SSB,1041,NA,NA,2022,NA,NA,NA,NA,NA,NA,Baltic Sea,NA,,
1982,fle.27.2223,NA,NA,F,SSB,2178,NA,NA,2022,NA,NA,NA,NA,NA,NA,Baltic Sea,NA,,
2009,fle.27.2223,NA,27.96,F,SSB,1176,NA,NA,2022,NA,NA,NA,NA,NA,NA,Baltic Sea,NA,,
1993,fle.27.2223,NA,NA,F,SSB,1104,NA,NA,2022,NA,NA,NA,NA,NA,NA,Baltic Sea,NA,,
2002,fle.27.2223,NA,24.4,F,SSB,1849,NA,NA,2022,NA,NA,NA,NA,NA,NA,Baltic Sea,NA,,
1988,fle.27.2223,NA,NA,F,SSB,1512,NA,NA,2022,NA,NA,NA,NA,NA,NA,Baltic Sea,NA,,
1981,fle.27.2223,NA,NA,F,SSB,2586,NA,NA,2022,NA,NA,NA,NA,NA,NA,Baltic Sea,NA,,
1973,fle.27.2223,NA,NA,F,SSB,2513,NA,NA,2022,NA,NA,NA,NA,NA,NA,Baltic Sea,NA,,
2014,fle.27.2223,NA,85.93,F,SSB,1193,1733,540,2022,NA,NA,NA,NA,NA,NA,Baltic Sea,NA,,
1980,fle.27.2223,NA,NA,F,SSB,2535,NA,NA,2022,NA,NA,NA,NA,NA,NA,Baltic Sea,NA,,
1987,fle.27.2223,NA,NA,F,SSB,1515,NA,NA,2022,NA,NA,NA,NA,NA,NA,Baltic Sea,NA,,
2019,fle.27.2223,NA,35.62,F,SSB,1114,1355,241,2022,NA,NA,NA,NA,NA,NA,Baltic Sea,NA,,
1979,fle.27.2223,NA,NA,F,SSB,2899,NA,NA,2022,NA,NA,NA,NA,NA,NA,Baltic Sea,NA,,
1985,fle.27.2223,NA,NA,F,SSB,2126,NA,NA,2022,NA,NA,NA,NA,NA,NA,Baltic Sea,NA,,
1976,fle.27.2223,NA,NA,F,SSB,2604,NA,NA,2022,NA,NA,NA,NA,NA,NA,Baltic Sea,NA,,
1977,fle.27.2223,NA,NA,F,SSB,2922,NA,NA,2022,NA,NA,NA,NA,NA,NA,Baltic Sea,NA,,
2016,fle.27.2223,NA,120.51,F,SSB,1153,1648,495,2022,NA,NA,NA,NA,NA,NA,Baltic Sea,NA,,
2000,fle.27.2223,NA,NA,F,SSB,2597,NA,NA,2022,NA,NA,NA,NA,NA,NA,Baltic Sea,NA,,
1984,fle.27.2223,NA,NA,F,SSB,2538,NA,NA,2022,NA,NA,NA,NA,NA,NA,Baltic Sea,NA,,
1986,fle.27.2223,NA,NA,F,SSB,1842,NA,NA,2022,NA,NA,NA,NA,NA,NA,Baltic Sea,NA,,
2021,fle.27.2223,NA,59.5,F,SSB,526,564,38,2022,NA,NA,NA,NA,NA,NA,Baltic Sea,NA,,
2020,fle.27.2223,NA,35.29,F,SSB,775,897,121,2022,NA,NA,NA,NA,NA,NA,Baltic Sea,NA,,
2018,fle.27.2223,NA,68.26,F,SSB,809,982,173,2022,NA,NA,NA,NA,NA,NA,Baltic Sea,NA,,
1974,fle.27.2223,NA,NA,F,SSB,2566,NA,NA,2022,NA,NA,NA,NA,NA,NA,Baltic Sea,NA,,
2017,fle.27.2223,NA,75.54,F,SSB,1158,1407,249,2022,NA,NA,NA,NA,NA,NA,Baltic Sea,NA,,
1975,fle.27.2223,NA,NA,F,SSB,2624,NA,NA,2022,NA,NA,NA,NA,NA,NA,Baltic Sea,NA,,
1983,fle.27.2223,NA,NA,F,SSB,2527,NA,NA,2022,NA,NA,NA,NA,NA,NA,Baltic Sea,NA,,
1978,fle.27.2223,NA,NA,F,SSB,3790,NA,NA,2022,NA,NA,NA,NA,NA,NA,Baltic Sea,NA,,
2011,her.27.20-24,0.291,68146,F,SSB,27771,27771,NA,2023,0.45,0.41,150000,120000,0.31,150000,Baltic Sea,NA,0.938709677,0.454306667
2012,her.27.20-24,0.377,72629,F,SSB,38648,38648,NA,2023,0.45,0.41,150000,120000,0.31,150000,Baltic Sea,NA,1.216129032,0.484193333
2010,her.27.20-24,0.432,74567,F,SSB,42214,42214,NA,2023,0.45,0.41,150000,120000,0.31,150000,Baltic Sea,NA,1.393548387,0.497113333
2015,her.27.20-24,0.407,88247,F,SSB,37491,37491,NA,2023,0.45,0.41,150000,120000,0.31,150000,Baltic Sea,NA,1.312903226,0.588313333
2016,her.27.20-24,0.522,85406,F,SSB,51298,51298,NA,2023,0.45,0.41,150000,120000,0.31,150000,Baltic Sea,NA,1.683870968,0.569373333
2013,her.27.20-24,0.399,80901,F,SSB,43829,43829,NA,2023,0.45,0.41,150000,120000,0.31,150000,Baltic Sea,NA,1.287096774,0.53934
2014,her.27.20-24,0.32,84593,F,SSB,37358,37358,NA,2023,0.45,0.41,150000,120000,0.31,150000,Baltic Sea,NA,1.032258065,0.563953333
2019,her.27.20-24,0.279,51376,F,SSB,25420,25420,NA,2023,0.45,0.41,150000,120000,0.31,150000,Baltic Sea,NA,0.9,0.342506667
2020,her.27.20-24,0.187,53628,F,SSB,22130,22130,NA,2023,0.45,0.41,150000,120000,0.31,150000,Baltic Sea,NA,0.603225806,0.35752
2021,her.27.20-24,0.111,62343,F,SSB,14180,14180,NA,2023,0.45,0.41,150000,120000,0.31,150000,Baltic Sea,NA,0.358064516,0.41562
2022,her.27.20-24,0.05,75548,F,SSB,6251,6251,NA,2023,0.45,0.41,150000,120000,0.31,150000,Baltic Sea,NA,0.161290323,0.503653333
2023,her.27.20-24,NA,85431,F,SSB,NA,NA,NA,2023,0.45,0.41,150000,120000,0.31,150000,Baltic Sea,NA,,0.56954
1996,her.27.20-24,0.668,134244,F,SSB,121260,121260,NA,2023,0.45,0.41,150000,120000,0.31,150000,Baltic Sea,NA,2.15483871,0.89496
1997,her.27.20-24,0.634,146775,F,SSB,115585,115585,NA,2023,0.45,0.41,150000,120000,0.31,150000,Baltic Sea,NA,2.04516129,0.9785
1998,her.27.20-24,0.626,119220,F,SSB,107033,107033,NA,2023,0.45,0.41,150000,120000,0.31,150000,Baltic Sea,NA,2.019354839,0.7948
1999,her.27.20-24,0.507,120005,F,SSB,97234,97234,NA,2023,0.45,0.41,150000,120000,0.31,150000,Baltic Sea,NA,1.635483871,0.800033333
2000,her.27.20-24,0.589,125841,F,SSB,118277,118277,NA,2023,0.45,0.41,150000,120000,0.31,150000,Baltic Sea,NA,1.9,0.83894
2001,her.27.20-24,0.61,136767,F,SSB,105803,105803,NA,2023,0.45,0.41,150000,120000,0.31,150000,Baltic Sea,NA,1.967741935,0.91178
2017,her.27.20-24,0.561,74730,F,SSB,46340,46340,NA,2023,0.45,0.41,150000,120000,0.31,150000,Baltic Sea,NA,1.809677419,0.4982
2018,her.27.20-24,0.572,59805,F,SSB,41058,41058,NA,2023,0.45,0.41,150000,120000,0.31,150000,Baltic Sea,NA,1.84516129,0.3987
1991,her.27.20-24,0.422,294773,F,SSB,191573,191573,NA,2023,0.45,0.41,150000,120000,0.31,150000,Baltic Sea,NA,1.361290323,1.965153333
1992,her.27.20-24,0.51,304636,F,SSB,194408,194408,NA,2023,0.45,0.41,150000,120000,0.31,150000,Baltic Sea,NA,1.64516129,2.030906667
1993,her.27.20-24,0.582,287341,F,SSB,185010,185010,NA,2023,0.45,0.41,150000,120000,0.31,150000,Baltic Sea,NA,1.877419355,1.915606667
1994,her.27.20-24,0.603,227748,F,SSB,172439,172439,NA,2023,0.45,0.41,150000,120000,0.31,150000,Baltic Sea,NA,1.94516129,1.51832
1995,her.27.20-24,0.596,195407,F,SSB,150820,150820,NA,2023,0.45,0.41,150000,120000,0.31,150000,Baltic Sea,NA,1.922580645,1.302713333
2009,her.27.20-24,0.542,82061,F,SSB,67261,67261,NA,2023,0.45,0.41,150000,120000,0.31,150000,Baltic Sea,NA,1.748387097,0.547073333
2005,her.27.20-24,0.528,126104,F,SSB,88404,88404,NA,2023,0.45,0.41,150000,120000,0.31,150000,Baltic Sea,NA,1.703225806,0.840693333
2002,her.27.20-24,0.5,160622,F,SSB,106189,106189,NA,2023,0.45,0.41,150000,120000,0.31,150000,Baltic Sea,NA,1.612903226,1.070813333
2003,her.27.20-24,0.446,129048,F,SSB,78310,78310,NA,2023,0.45,0.41,150000,120000,0.31,150000,Baltic Sea,NA,1.438709677,0.86032
2004,her.27.20-24,0.464,134457,F,SSB,76814,76814,NA,2023,0.45,0.41,150000,120000,0.31,150000,Baltic Sea,NA,1.496774194,0.89638
2006,her.27.20-24,0.476,137834,F,SSB,88931,88931,NA,2023,0.45,0.41,150000,120000,0.31,150000,Baltic Sea,NA,1.535483871,0.918893333
2007,her.27.20-24,0.529,112660,F,SSB,68180,68180,NA,2023,0.45,0.41,150000,120000,0.31,150000,Baltic Sea,NA,1.706451613,0.751066667
2008,her.27.20-24,0.575,91780,F,SSB,69576,69576,NA,2023,0.45,0.41,150000,120000,0.31,150000,Baltic Sea,NA,1.85483871,0.611866667
1905,her.27.25-2932,0.037,2.9,F/Fmsy,SSB/MSY Btrigger,NA,33402,NA,2023,NA,1.2,1,0.5,1,1,Baltic Sea,NA,0.037,2.9
1909,her.27.25-2932,0.058,2.83,F/Fmsy,SSB/MSY Btrigger,NA,50956,NA,2023,NA,1.2,1,0.5,1,1,Baltic Sea,NA,0.058,2.83
1906,her.27.25-2932,0.041,2.89,F/Fmsy,SSB/MSY Btrigger,NA,37064,NA,2023,NA,1.2,1,0.5,1,1,Baltic Sea,NA,0.041,2.89
1907,her.27.25-2932,0.06,2.87,F/Fmsy,SSB/MSY Btrigger,NA,53899,NA,2023,NA,1.2,1,0.5,1,1,Baltic Sea,NA,0.06,2.87
1908,her.27.25-2932,0.068,2.86,F/Fmsy,SSB/MSY Btrigger,NA,60539,NA,2023,NA,1.2,1,0.5,1,1,Baltic Sea,NA,0.068,2.86
1904,her.27.25-2932,0.022,2.89,F/Fmsy,SSB/MSY Btrigger,NA,20104,NA,2023,NA,1.2,1,0.5,1,1,Baltic Sea,NA,0.022,2.89
1931,her.27.25-2932,0.049,2.77,F/Fmsy,SSB/MSY Btrigger,NA,42068,NA,2023,NA,1.2,1,0.5,1,1,Baltic Sea,NA,0.049,2.77
1932,her.27.25-2932,0.055,2.77,F/Fmsy,SSB/MSY Btrigger,NA,47373,NA,2023,NA,1.2,1,0.5,1,1,Baltic Sea,NA,0.055,2.77
1933,her.27.25-2932,0.059,2.77,F/Fmsy,SSB/MSY Btrigger,NA,51086,NA,2023,NA,1.2,1,0.5,1,1,Baltic Sea,NA,0.059,2.77
1934,her.27.25-2932,0.065,2.76,F/Fmsy,SSB/MSY Btrigger,NA,56079,NA,2023,NA,1.2,1,0.5,1,1,Baltic Sea,NA,0.065,2.76
1935,her.27.25-2932,0.071,2.76,F/Fmsy,SSB/MSY Btrigger,NA,60507,NA,2023,NA,1.2,1,0.5,1,1,Baltic Sea,NA,0.071,2.76
1936,her.27.25-2932,0.08,2.74,F/Fmsy,SSB/MSY Btrigger,NA,67497,NA,2023,NA,1.2,1,0.5,1,1,Baltic Sea,NA,0.08,2.74
1937,her.27.25-2932,0.077,2.73,F/Fmsy,SSB/MSY Btrigger,NA,64562,NA,2023,NA,1.2,1,0.5,1,1,Baltic Sea,NA,0.077,2.73
1938,her.27.25-2932,0.077,2.71,F/Fmsy,SSB/MSY Btrigger,NA,64712,NA,2023,NA,1.2,1,0.5,1,1,Baltic Sea,NA,0.077,2.71
1939,her.27.25-2932,0.058,2.7,F/Fmsy,SSB/MSY Btrigger,NA,48609,NA,2023,NA,1.2,1,0.5,1,1,Baltic Sea,NA,0.058,2.7
1940,her.27.25-2932,0.051,2.71,F/Fmsy,SSB/MSY Btrigger,NA,42721,NA,2023,NA,1.2,1,0.5,1,1,Baltic Sea,NA,0.051,2.71
1941,her.27.25-2932,0.069,2.72,F/Fmsy,SSB/MSY Btrigger,NA,57754,NA,2023,NA,1.2,1,0.5,1,1,Baltic Sea,NA,0.069,2.72
1942,her.27.25-2932,0.081,2.71,F/Fmsy,SSB/MSY Btrigger,NA,68085,NA,2023,NA,1.2,1,0.5,1,1,Baltic Sea,NA,0.081,2.71
1943,her.27.25-2932,0.091,2.69,F/Fmsy,SSB/MSY Btrigger,NA,75808,NA,2023,NA,1.2,1,0.5,1,1,Baltic Sea,NA,0.091,2.69
1944,her.27.25-2932,0.073,2.68,F/Fmsy,SSB/MSY Btrigger,NA,60906,NA,2023,NA,1.2,1,0.5,1,1,Baltic Sea,NA,0.073,2.68
1945,her.27.25-2932,0.076,2.67,F/Fmsy,SSB/MSY Btrigger,NA,62807,NA,2023,NA,1.2,1,0.5,1,1,Baltic Sea,NA,0.076,2.67
1946,her.27.25-2932,0.056,2.67,F/Fmsy,SSB/MSY Btrigger,NA,46604,NA,2023,NA,1.2,1,0.5,1,1,Baltic Sea,NA,0.056,2.67
1947,her.27.25-2932,0.047,2.68,F/Fmsy,SSB/MSY Btrigger,NA,38913,NA,2023,NA,1.2,1,0.5,1,1,Baltic Sea,NA,0.047,2.68
1948,her.27.25-2932,0.05,2.7,F/Fmsy,SSB/MSY Btrigger,NA,41791,NA,2023,NA,1.2,1,0.5,1,1,Baltic Sea,NA,0.05,2.7
1949,her.27.25-2932,0.075,2.71,F/Fmsy,SSB/MSY Btrigger,NA,62362,NA,2023,NA,1.2,1,0.5,1,1,Baltic Sea,NA,0.075,2.71
1910,her.27.25-2932,0.053,2.81,F/Fmsy,SSB/MSY Btrigger,NA,46499,NA,2023,NA,1.2,1,0.5,1,1,Baltic Sea,NA,0.053,2.81
1911,her.27.25-2932,0.046,2.81,F/Fmsy,SSB/MSY Btrigger,NA,39896,NA,2023,NA,1.2,1,0.5,1,1,Baltic Sea,NA,0.046,2.81
1912,her.27.25-2932,0.041,2.81,F/Fmsy,SSB/MSY Btrigger,NA,35571,NA,2023,NA,1.2,1,0.5,1,1,Baltic Sea,NA,0.041,2.81
1913,her.27.25-2932,0.047,2.81,F/Fmsy,SSB/MSY Btrigger,NA,41262,NA,2023,NA,1.2,1,0.5,1,1,Baltic Sea,NA,0.047,2.81
1914,her.27.25-2932,0.039,2.81,F/Fmsy,SSB/MSY Btrigger,NA,33908,NA,2023,NA,1.2,1,0.5,1,1,Baltic Sea,NA,0.039,2.81
1915,her.27.25-2932,0.039,2.8,F/Fmsy,SSB/MSY Btrigger,NA,34578,NA,2023,NA,1.2,1,0.5,1,1,Baltic Sea,NA,0.039,2.8
1916,her.27.25-2932,0.047,2.81,F/Fmsy,SSB/MSY Btrigger,NA,41322,NA,2023,NA,1.2,1,0.5,1,1,Baltic Sea,NA,0.047,2.81
1917,her.27.25-2932,0.056,2.8,F/Fmsy,SSB/MSY Btrigger,NA,48588,NA,2023,NA,1.2,1,0.5,1,1,Baltic Sea,NA,0.056,2.8
1918,her.27.25-2932,0.054,2.8,F/Fmsy,SSB/MSY Btrigger,NA,47308,NA,2023,NA,1.2,1,0.5,1,1,Baltic Sea,NA,0.054,2.8
1919,her.27.25-2932,0.05,2.79,F/Fmsy,SSB/MSY Btrigger,NA,43540,NA,2023,NA,1.2,1,0.5,1,1,Baltic Sea,NA,0.05,2.79
1920,her.27.25-2932,0.048,2.79,F/Fmsy,SSB/MSY Btrigger,NA,41328,NA,2023,NA,1.2,1,0.5,1,1,Baltic Sea,NA,0.048,2.79
1921,her.27.25-2932,0.047,2.78,F/Fmsy,SSB/MSY Btrigger,NA,40591,NA,2023,NA,1.2,1,0.5,1,1,Baltic Sea,NA,0.047,2.78
1922,her.27.25-2932,0.046,2.79,F/Fmsy,SSB/MSY Btrigger,NA,39800,NA,2023,NA,1.2,1,0.5,1,1,Baltic Sea,NA,0.046,2.79
1923,her.27.25-2932,0.048,2.79,F/Fmsy,SSB/MSY Btrigger,NA,41661,NA,2023,NA,1.2,1,0.5,1,1,Baltic Sea,NA,0.048,2.79
1924,her.27.25-2932,0.048,2.79,F/Fmsy,SSB/MSY Btrigger,NA,42003,NA,2023,NA,1.2,1,0.5,1,1,Baltic Sea,NA,0.048,2.79
1925,her.27.25-2932,0.045,2.79,F/Fmsy,SSB/MSY Btrigger,NA,39424,NA,2023,NA,1.2,1,0.5,1,1,Baltic Sea,NA,0.045,2.79
1926,her.27.25-2932,0.046,2.79,F/Fmsy,SSB/MSY Btrigger,NA,40365,NA,2023,NA,1.2,1,0.5,1,1,Baltic Sea,NA,0.046,2.79
1927,her.27.25-2932,0.048,2.79,F/Fmsy,SSB/MSY Btrigger,NA,41909,NA,2023,NA,1.2,1,0.5,1,1,Baltic Sea,NA,0.048,2.79
1928,her.27.25-2932,0.051,2.79,F/Fmsy,SSB/MSY Btrigger,NA,43907,NA,2023,NA,1.2,1,0.5,1,1,Baltic Sea,NA,0.051,2.79
1929,her.27.25-2932,0.055,2.78,F/Fmsy,SSB/MSY Btrigger,NA,47677,NA,2023,NA,1.2,1,0.5,1,1,Baltic Sea,NA,0.055,2.78
1930,her.27.25-2932,0.055,2.77,F/Fmsy,SSB/MSY Btrigger,NA,47093,NA,2023,NA,1.2,1,0.5,1,1,Baltic Sea,NA,0.055,2.77
2011,her.27.25-2932,1.106,0.48,F/Fmsy,SSB/MSY Btrigger,NA,118563,NA,2023,NA,1.2,1,0.5,1,1,Baltic Sea,NA,1.106,0.48
2012,her.27.25-2932,0.811,0.48,F/Fmsy,SSB/MSY Btrigger,NA,101526,NA,2023,NA,1.2,1,0.5,1,1,Baltic Sea,NA,0.811,0.48
2013,her.27.25-2932,0.767,0.55,F/Fmsy,SSB/MSY Btrigger,NA,100484,NA,2023,NA,1.2,1,0.5,1,1,Baltic Sea,NA,0.767,0.55
2014,her.27.25-2932,1.005,0.6,F/Fmsy,SSB/MSY Btrigger,NA,134482,NA,2023,NA,1.2,1,0.5,1,1,Baltic Sea,NA,1.005,0.6
2015,her.27.25-2932,1.352,0.55,F/Fmsy,SSB/MSY Btrigger,NA,174945,NA,2023,NA,1.2,1,0.5,1,1,Baltic Sea,NA,1.352,0.55
2016,her.27.25-2932,1.593,0.58,F/Fmsy,SSB/MSY Btrigger,NA,190641,NA,2023,NA,1.2,1,0.5,1,1,Baltic Sea,NA,1.593,0.58
2017,her.27.25-2932,1.529,0.62,F/Fmsy,SSB/MSY Btrigger,NA,199428,NA,2023,NA,1.2,1,0.5,1,1,Baltic Sea,NA,1.529,0.62
2018,her.27.25-2932,1.996,0.6,F/Fmsy,SSB/MSY Btrigger,NA,240738,NA,2023,NA,1.2,1,0.5,1,1,Baltic Sea,NA,1.996,0.6
2019,her.27.25-2932,1.852,0.51,F/Fmsy,SSB/MSY Btrigger,NA,200956,NA,2023,NA,1.2,1,0.5,1,1,Baltic Sea,NA,1.852,0.51
2020,her.27.25-2932,1.906,0.41,F/Fmsy,SSB/MSY Btrigger,NA,174521,NA,2023,NA,1.2,1,0.5,1,1,Baltic Sea,NA,1.906,0.41
2021,her.27.25-2932,1.689,0.37,F/Fmsy,SSB/MSY Btrigger,NA,128961,NA,2023,NA,1.2,1,0.5,1,1,Baltic Sea,NA,1.689,0.37
2022,her.27.25-2932,0.906,0.4,F/Fmsy,SSB/MSY Btrigger,NA,83411,NA,2023,NA,1.2,1,0.5,1,1,Baltic Sea,NA,0.906,0.4
2023,her.27.25-2932,NA,0.39,F/Fmsy,SSB/MSY Btrigger,NA,NA,NA,2023,NA,1.2,1,0.5,1,1,Baltic Sea,NA,,0.39
1983,her.27.25-2932,1.215,1.18,F/Fmsy,SSB/MSY Btrigger,NA,307601,NA,2023,NA,1.2,1,0.5,1,1,Baltic Sea,NA,1.215,1.18
1984,her.27.25-2932,1.226,1.02,F/Fmsy,SSB/MSY Btrigger,NA,277926,NA,2023,NA,1.2,1,0.5,1,1,Baltic Sea,NA,1.226,1.02
1985,her.27.25-2932,1.293,0.99,F/Fmsy,SSB/MSY Btrigger,NA,275760,NA,2023,NA,1.2,1,0.5,1,1,Baltic Sea,NA,1.293,0.99
1986,her.27.25-2932,1.253,0.86,F/Fmsy,SSB/MSY Btrigger,NA,240516,NA,2023,NA,1.2,1,0.5,1,1,Baltic Sea,NA,1.253,0.86
1987,her.27.25-2932,1.376,0.84,F/Fmsy,SSB/MSY Btrigger,NA,255498,NA,2023,NA,1.2,1,0.5,1,1,Baltic Sea,NA,1.376,0.84
1988,her.27.25-2932,1.446,0.89,F/Fmsy,SSB/MSY Btrigger,NA,262558,NA,2023,NA,1.2,1,0.5,1,1,Baltic Sea,NA,1.446,0.89
1989,her.27.25-2932,1.685,0.8,F/Fmsy,SSB/MSY Btrigger,NA,276066,NA,2023,NA,1.2,1,0.5,1,1,Baltic Sea,NA,1.685,0.8
1950,her.27.25-2932,0.08,2.69,F/Fmsy,SSB/MSY Btrigger,NA,66595,NA,2023,NA,1.2,1,0.5,1,1,Baltic Sea,NA,0.08,2.69
1951,her.27.25-2932,0.068,2.69,F/Fmsy,SSB/MSY Btrigger,NA,56712,NA,2023,NA,1.2,1,0.5,1,1,Baltic Sea,NA,0.068,2.69
1952,her.27.25-2932,0.064,2.69,F/Fmsy,SSB/MSY Btrigger,NA,52949,NA,2023,NA,1.2,1,0.5,1,1,Baltic Sea,NA,0.064,2.69
1953,her.27.25-2932,0.105,2.69,F/Fmsy,SSB/MSY Btrigger,NA,86728,NA,2023,NA,1.2,1,0.5,1,1,Baltic Sea,NA,0.105,2.69
1954,her.27.25-2932,0.102,2.66,F/Fmsy,SSB/MSY Btrigger,NA,83947,NA,2023,NA,1.2,1,0.5,1,1,Baltic Sea,NA,0.102,2.66
1955,her.27.25-2932,0.231,2.65,F/Fmsy,SSB/MSY Btrigger,NA,184885,NA,2023,NA,1.2,1,0.5,1,1,Baltic Sea,NA,0.231,2.65
1956,her.27.25-2932,0.234,2.55,F/Fmsy,SSB/MSY Btrigger,NA,180244,NA,2023,NA,1.2,1,0.5,1,1,Baltic Sea,NA,0.234,2.55
1957,her.27.25-2932,0.204,2.46,F/Fmsy,SSB/MSY Btrigger,NA,152126,NA,2023,NA,1.2,1,0.5,1,1,Baltic Sea,NA,0.204,2.46
1958,her.27.25-2932,0.229,2.42,F/Fmsy,SSB/MSY Btrigger,NA,165452,NA,2023,NA,1.2,1,0.5,1,1,Baltic Sea,NA,0.229,2.42
1959,her.27.25-2932,0.239,2.36,F/Fmsy,SSB/MSY Btrigger,NA,168709,NA,2023,NA,1.2,1,0.5,1,1,Baltic Sea,NA,0.239,2.36
1960,her.27.25-2932,0.225,2.31,F/Fmsy,SSB/MSY Btrigger,NA,154894,NA,2023,NA,1.2,1,0.5,1,1,Baltic Sea,NA,0.225,2.31
1961,her.27.25-2932,0.241,2.27,F/Fmsy,SSB/MSY Btrigger,NA,162346,NA,2023,NA,1.2,1,0.5,1,1,Baltic Sea,NA,0.241,2.27
1962,her.27.25-2932,0.245,2.24,F/Fmsy,SSB/MSY Btrigger,NA,162767,NA,2023,NA,1.2,1,0.5,1,1,Baltic Sea,NA,0.245,2.24
1963,her.27.25-2932,0.318,2.21,F/Fmsy,SSB/MSY Btrigger,NA,205899,NA,2023,NA,1.2,1,0.5,1,1,Baltic Sea,NA,0.318,2.21
1964,her.27.25-2932,0.288,2.14,F/Fmsy,SSB/MSY Btrigger,NA,181712,NA,2023,NA,1.2,1,0.5,1,1,Baltic Sea,NA,0.288,2.14
1965,her.27.25-2932,0.315,2.11,F/Fmsy,SSB/MSY Btrigger,NA,194208,NA,2023,NA,1.2,1,0.5,1,1,Baltic Sea,NA,0.315,2.11
1966,her.27.25-2932,0.36,2.06,F/Fmsy,SSB/MSY Btrigger,NA,216123,NA,2023,NA,1.2,1,0.5,1,1,Baltic Sea,NA,0.36,2.06
1967,her.27.25-2932,0.477,1.99,F/Fmsy,SSB/MSY Btrigger,NA,269141,NA,2023,NA,1.2,1,0.5,1,1,Baltic Sea,NA,0.477,1.99
1968,her.27.25-2932,0.626,1.85,F/Fmsy,SSB/MSY Btrigger,NA,323765,NA,2023,NA,1.2,1,0.5,1,1,Baltic Sea,NA,0.626,1.85
1969,her.27.25-2932,0.58,1.64,F/Fmsy,SSB/MSY Btrigger,NA,269536,NA,2023,NA,1.2,1,0.5,1,1,Baltic Sea,NA,0.58,1.64
1970,her.27.25-2932,0.688,1.49,F/Fmsy,SSB/MSY Btrigger,NA,288626,NA,2023,NA,1.2,1,0.5,1,1,Baltic Sea,NA,0.688,1.49
1971,her.27.25-2932,0.812,1.34,F/Fmsy,SSB/MSY Btrigger,NA,305211,NA,2023,NA,1.2,1,0.5,1,1,Baltic Sea,NA,0.812,1.34
1972,her.27.25-2932,0.772,1.28,F/Fmsy,SSB/MSY Btrigger,NA,268832,NA,2023,NA,1.2,1,0.5,1,1,Baltic Sea,NA,0.772,1.28
1973,her.27.25-2932,1.18,1.25,F/Fmsy,SSB/MSY Btrigger,NA,376787,NA,2023,NA,1.2,1,0.5,1,1,Baltic Sea,NA,1.18,1.25
1974,her.27.25-2932,1.295,1.15,F/Fmsy,SSB/MSY Btrigger,NA,368652,NA,2023,NA,1.2,1,0.5,1,1,Baltic Sea,NA,1.295,1.15
1975,her.27.25-2932,1.303,1.15,F/Fmsy,SSB/MSY Btrigger,NA,354851,NA,2023,NA,1.2,1,0.5,1,1,Baltic Sea,NA,1.303,1.15
1976,her.27.25-2932,1.202,1.05,F/Fmsy,SSB/MSY Btrigger,NA,305420,NA,2023,NA,1.2,1,0.5,1,1,Baltic Sea,NA,1.202,1.05
1977,her.27.25-2932,1.064,1.19,F/Fmsy,SSB/MSY Btrigger,NA,301952,NA,2023,NA,1.2,1,0.5,1,1,Baltic Sea,NA,1.064,1.19
1978,her.27.25-2932,0.943,1.27,F/Fmsy,SSB/MSY Btrigger,NA,278966,NA,2023,NA,1.2,1,0.5,1,1,Baltic Sea,NA,0.943,1.27
1979,her.27.25-2932,0.962,1.29,F/Fmsy,SSB/MSY Btrigger,NA,278182,NA,2023,NA,1.2,1,0.5,1,1,Baltic Sea,NA,0.962,1.29
1980,her.27.25-2932,0.985,1.18,F/Fmsy,SSB/MSY Btrigger,NA,270282,NA,2023,NA,1.2,1,0.5,1,1,Baltic Sea,NA,0.985,1.18
1981,her.27.25-2932,1.076,1.11,F/Fmsy,SSB/MSY Btrigger,NA,293615,NA,2023,NA,1.2,1,0.5,1,1,Baltic Sea,NA,1.076,1.11
1982,her.27.25-2932,1.008,1.16,F/Fmsy,SSB/MSY Btrigger,NA,273134,NA,2023,NA,1.2,1,0.5,1,1,Baltic Sea,NA,1.008,1.16
1996,her.27.25-2932,1.6,0.45,F/Fmsy,SSB/MSY Btrigger,NA,161148,NA,2023,NA,1.2,1,0.5,1,1,Baltic Sea,NA,1.6,0.45
1997,her.27.25-2932,1.705,0.43,F/Fmsy,SSB/MSY Btrigger,NA,159056,NA,2023,NA,1.2,1,0.5,1,1,Baltic Sea,NA,1.705,0.43
1998,her.27.25-2932,2.099,0.42,F/Fmsy,SSB/MSY Btrigger,NA,184140,NA,2023,NA,1.2,1,0.5,1,1,Baltic Sea,NA,2.099,0.42
1999,her.27.25-2932,1.864,0.36,F/Fmsy,SSB/MSY Btrigger,NA,145717,NA,2023,NA,1.2,1,0.5,1,1,Baltic Sea,NA,1.864,0.36
2000,her.27.25-2932,2.177,0.39,F/Fmsy,SSB/MSY Btrigger,NA,174301,NA,2023,NA,1.2,1,0.5,1,1,Baltic Sea,NA,2.177,0.39
2001,her.27.25-2932,1.893,0.36,F/Fmsy,SSB/MSY Btrigger,NA,137080,NA,2023,NA,1.2,1,0.5,1,1,Baltic Sea,NA,1.893,0.36
2002,her.27.25-2932,1.697,0.35,F/Fmsy,SSB/MSY Btrigger,NA,128344,NA,2023,NA,1.2,1,0.5,1,1,Baltic Sea,NA,1.697,0.35
1990,her.27.25-2932,1.665,0.65,F/Fmsy,SSB/MSY Btrigger,NA,227617,NA,2023,NA,1.2,1,0.5,1,1,Baltic Sea,NA,1.665,0.65
1991,her.27.25-2932,1.506,0.64,F/Fmsy,SSB/MSY Btrigger,NA,197610,NA,2023,NA,1.2,1,0.5,1,1,Baltic Sea,NA,1.506,0.64
1992,her.27.25-2932,1.421,0.59,F/Fmsy,SSB/MSY Btrigger,NA,190258,NA,2023,NA,1.2,1,0.5,1,1,Baltic Sea,NA,1.421,0.59
1993,her.27.25-2932,1.613,0.61,F/Fmsy,SSB/MSY Btrigger,NA,212101,NA,2023,NA,1.2,1,0.5,1,1,Baltic Sea,NA,1.613,0.61
1994,her.27.25-2932,1.616,0.64,F/Fmsy,SSB/MSY Btrigger,NA,218116,NA,2023,NA,1.2,1,0.5,1,1,Baltic Sea,NA,1.616,0.64
1995,her.27.25-2932,1.665,0.53,F/Fmsy,SSB/MSY Btrigger,NA,187409,NA,2023,NA,1.2,1,0.5,1,1,Baltic Sea,NA,1.665,0.53
2009,her.27.25-2932,1.186,0.56,F/Fmsy,SSB/MSY Btrigger,NA,135659,NA,2023,NA,1.2,1,0.5,1,1,Baltic Sea,NA,1.186,0.56
2010,her.27.25-2932,1.204,0.52,F/Fmsy,SSB/MSY Btrigger,NA,137189,NA,2023,NA,1.2,1,0.5,1,1,Baltic Sea,NA,1.204,0.52
2006,her.27.25-2932,1.069,0.47,F/Fmsy,SSB/MSY Btrigger,NA,113536,NA,2023,NA,1.2,1,0.5,1,1,Baltic Sea,NA,1.069,0.47
2003,her.27.25-2932,1.323,0.37,F/Fmsy,SSB/MSY Btrigger,NA,112118,NA,2023,NA,1.2,1,0.5,1,1,Baltic Sea,NA,1.323,0.37
2004,her.27.25-2932,1.036,0.38,F/Fmsy,SSB/MSY Btrigger,NA,95151,NA,2023,NA,1.2,1,0.5,1,1,Baltic Sea,NA,1.036,0.38
2005,her.27.25-2932,0.934,0.43,F/Fmsy,SSB/MSY Btrigger,NA,91094,NA,2023,NA,1.2,1,0.5,1,1,Baltic Sea,NA,0.934,0.43
2007,her.27.25-2932,0.991,0.48,F/Fmsy,SSB/MSY Btrigger,NA,115790,NA,2023,NA,1.2,1,0.5,1,1,Baltic Sea,NA,0.991,0.48
2008,her.27.25-2932,1.084,0.47,F/Fmsy,SSB/MSY Btrigger,NA,126363,NA,2023,NA,1.2,1,0.5,1,1,Baltic Sea,NA,1.084,0.47
1979,her.27.28,0.505,40819,F,SSB,17142,NA,NA,2023,0.49,0.35,72907,52076,0.28,72907,Baltic Sea,NA,1.803571429,0.559877652
1982,her.27.28,0.436,39521,F,SSB,12777,NA,NA,2023,0.49,0.35,72907,52076,0.28,72907,Baltic Sea,NA,1.557142857,0.542074149
1983,her.27.28,0.467,48823,F,SSB,15541,NA,NA,2023,0.49,0.35,72907,52076,0.28,72907,Baltic Sea,NA,1.667857143,0.669661349
1980,her.27.28,0.429,40465,F,SSB,14998,NA,NA,2023,0.49,0.35,72907,52076,0.28,72907,Baltic Sea,NA,1.532142857,0.555022152
1981,her.27.28,0.47,43263,F,SSB,16769,NA,NA,2023,0.49,0.35,72907,52076,0.28,72907,Baltic Sea,NA,1.678571429,0.593399811
1977,her.27.28,0.66,52661,F,SSB,24186,NA,NA,2023,0.49,0.35,72907,52076,0.28,72907,Baltic Sea,NA,2.357142857,0.722303757
1978,her.27.28,0.474,43918,F,SSB,16728,NA,NA,2023,0.49,0.35,72907,52076,0.28,72907,Baltic Sea,NA,1.692857143,0.602383859
2005,her.27.28,0.496,76018,F,SSB,32225,NA,NA,2023,0.49,0.35,72907,52076,0.28,72907,Baltic Sea,NA,1.771428571,1.0426708
2006,her.27.28,0.432,74530,F,SSB,31232,NA,NA,2023,0.49,0.35,72907,52076,0.28,72907,Baltic Sea,NA,1.542857143,1.022261237
2007,her.27.28,0.465,77550,F,SSB,33742,NA,NA,2023,0.49,0.35,72907,52076,0.28,72907,Baltic Sea,NA,1.660714286,1.063683871
2008,her.27.28,0.344,90538,F,SSB,31137,NA,NA,2023,0.49,0.35,72907,52076,0.28,72907,Baltic Sea,NA,1.228571429,1.241828631
2009,her.27.28,0.348,92370,F,SSB,32553,NA,NA,2023,0.49,0.35,72907,52076,0.28,72907,Baltic Sea,NA,1.242857143,1.266956534
2010,her.27.28,0.316,92415,F,SSB,30175,NA,NA,2023,0.49,0.35,72907,52076,0.28,72907,Baltic Sea,NA,1.128571429,1.267573758
2011,her.27.28,0.301,97053,F,SSB,29638,NA,NA,2023,0.49,0.35,72907,52076,0.28,72907,Baltic Sea,NA,1.075,1.331189049
2012,her.27.28,0.266,96460,F,SSB,28115,NA,NA,2023,0.49,0.35,72907,52076,0.28,72907,Baltic Sea,NA,0.95,1.323055399
2013,her.27.28,0.231,105406,F,SSB,26511,NA,NA,2023,0.49,0.35,72907,52076,0.28,72907,Baltic Sea,NA,0.825,1.445759666
2014,her.27.28,0.234,110532,F,SSB,26253,NA,NA,2023,0.49,0.35,72907,52076,0.28,72907,Baltic Sea,NA,0.835714286,1.516068416
2015,her.27.28,0.285,109481,F,SSB,32851,NA,NA,2023,0.49,0.35,72907,52076,0.28,72907,Baltic Sea,NA,1.017857143,1.501652791
2016,her.27.28,0.287,98502,F,SSB,30865,NA,NA,2023,0.49,0.35,72907,52076,0.28,72907,Baltic Sea,NA,1.025,1.351063684
2017,her.27.28,0.267,98091,F,SSB,28058,NA,NA,2023,0.49,0.35,72907,52076,0.28,72907,Baltic Sea,NA,0.953571429,1.345426365
2018,her.27.28,0.235,107635,F,SSB,25747,NA,NA,2023,0.49,0.35,72907,52076,0.28,72907,Baltic Sea,NA,0.839285714,1.476332862
2019,her.27.28,0.257,109524,F,SSB,28922,NA,NA,2023,0.49,0.35,72907,52076,0.28,72907,Baltic Sea,NA,0.917857143,1.502242583
2020,her.27.28,0.268,124925,F,SSB,33215,NA,NA,2023,0.49,0.35,72907,52076,0.28,72907,Baltic Sea,NA,0.957142857,1.713484302
2021,her.27.28,0.283,125901,F,SSB,35758,NA,NA,2023,0.49,0.35,72907,52076,0.28,72907,Baltic Sea,NA,1.010714286,1.726871219
2022,her.27.28,0.267,145915,F,SSB,41117,NA,NA,2023,0.49,0.35,72907,52076,0.28,72907,Baltic Sea,NA,0.953571429,2.001385327
2023,her.27.28,NA,139870,F,SSB,NA,NA,NA,2023,0.49,0.35,72907,52076,0.28,72907,Baltic Sea,NA,,1.918471477
1984,her.27.28,0.565,39763,F,SSB,15843,NA,NA,2023,0.49,0.35,72907,52076,0.28,72907,Baltic Sea,NA,2.017857143,0.545393446
1985,her.27.28,0.489,52766,F,SSB,15575,NA,NA,2023,0.49,0.35,72907,52076,0.28,72907,Baltic Sea,NA,1.746428571,0.723743948
1986,her.27.28,0.416,62417,F,SSB,16927,NA,NA,2023,0.49,0.35,72907,52076,0.28,72907,Baltic Sea,NA,1.485714286,0.856118068
1987,her.27.28,0.326,46952,F,SSB,12884,NA,NA,2023,0.49,0.35,72907,52076,0.28,72907,Baltic Sea,NA,1.164285714,0.643998519
1988,her.27.28,0.354,83298,F,SSB,16791,NA,NA,2023,0.49,0.35,72907,52076,0.28,72907,Baltic Sea,NA,1.264285714,1.142524037
1989,her.27.28,0.312,55427,F,SSB,16783,NA,NA,2023,0.49,0.35,72907,52076,0.28,72907,Baltic Sea,NA,1.114285714,0.760242501
1990,her.27.28,0.239,68014,F,SSB,14931,NA,NA,2023,0.49,0.35,72907,52076,0.28,72907,Baltic Sea,NA,0.853571429,0.932887103
1991,her.27.28,0.273,69219,F,SSB,14791,NA,NA,2023,0.49,0.35,72907,52076,0.28,72907,Baltic Sea,NA,0.975,0.949415008
1992,her.27.28,0.284,88986,F,SSB,21700,NA,NA,2023,0.49,0.35,72907,52076,0.28,72907,Baltic Sea,NA,1.014285714,1.220541237
1993,her.27.28,0.262,103498,F,SSB,22700,NA,NA,2023,0.49,0.35,72907,52076,0.28,72907,Baltic Sea,NA,0.935714286,1.41958934
1994,her.27.28,0.261,112107,F,SSB,24300,NA,NA,2023,0.49,0.35,72907,52076,0.28,72907,Baltic Sea,NA,0.932142857,1.53767128
1995,her.27.28,0.327,109167,F,SSB,32656,NA,NA,2023,0.49,0.35,72907,52076,0.28,72907,Baltic Sea,NA,1.167857143,1.497345934
1996,her.27.28,0.361,101788,F,SSB,32584,NA,NA,2023,0.49,0.35,72907,52076,0.28,72907,Baltic Sea,NA,1.289285714,1.396134802
1997,her.27.28,0.424,96309,F,SSB,39843,NA,NA,2023,0.49,0.35,72907,52076,0.28,72907,Baltic Sea,NA,1.514285714,1.320984268
1998,her.27.28,0.39,85107,F,SSB,29443,NA,NA,2023,0.49,0.35,72907,52076,0.28,72907,Baltic Sea,NA,1.392857143,1.16733647
1999,her.27.28,0.385,85210,F,SSB,31403,NA,NA,2023,0.49,0.35,72907,52076,0.28,72907,Baltic Sea,NA,1.375,1.168749228
2000,her.27.28,0.397,85723,F,SSB,34069,NA,NA,2023,0.49,0.35,72907,52076,0.28,72907,Baltic Sea,NA,1.417857143,1.17578559
2001,her.27.28,0.46,85316,F,SSB,38785,NA,NA,2023,0.49,0.35,72907,52076,0.28,72907,Baltic Sea,NA,1.642857143,1.170203136
2002,her.27.28,0.443,91828,F,SSB,39701,NA,NA,2023,0.49,0.35,72907,52076,0.28,72907,Baltic Sea,NA,1.582142857,1.259522405
2003,her.27.28,0.473,91994,F,SSB,40803,NA,NA,2023,0.49,0.35,72907,52076,0.28,72907,Baltic Sea,NA,1.689285714,1.261799279
2004,her.27.28,0.543,79559,F,SSB,39116,NA,NA,2023,0.49,0.35,72907,52076,0.28,72907,Baltic Sea,NA,1.939285714,1.091239524
1999,ple.27.21-23,1.063,4791,F,SSB,3406,5719,2313,2023,1,0.81,4730,3635,0.31,4730,Baltic Sea,NA,3.429032258,1.012896406
2000,ple.27.21-23,1.117,5333,F,SSB,3935,6248,2313,2023,1,0.81,4730,3635,0.31,4730,Baltic Sea,NA,3.603225806,1.127484144
2001,ple.27.21-23,0.998,6067,F,SSB,4054,6367,2313,2023,1,0.81,4730,3635,0.31,4730,Baltic Sea,NA,3.219354839,1.282663848
2002,ple.27.21-23,0.951,6404,F,SSB,3939,8296,4357,2023,1,0.81,4730,3635,0.31,4730,Baltic Sea,NA,3.067741935,1.353911205
2003,ple.27.21-23,0.791,5677,F,SSB,3618,5623,2004,2023,1,0.81,4730,3635,0.31,4730,Baltic Sea,NA,2.551612903,1.200211416
2004,ple.27.21-23,0.71,5162,F,SSB,2766,4135,1369,2023,1,0.81,4730,3635,0.31,4730,Baltic Sea,NA,2.290322581,1.091331924
2005,ple.27.21-23,0.7,4825,F,SSB,2354,3551,1197,2023,1,0.81,4730,3635,0.31,4730,Baltic Sea,NA,2.258064516,1.020084567
2006,ple.27.21-23,0.801,4944,F,SSB,2580,4350,1770,2023,1,0.81,4730,3635,0.31,4730,Baltic Sea,NA,2.583870968,1.045243129
2007,ple.27.21-23,0.776,4298,F,SSB,2691,3882,1191,2023,1,0.81,4730,3635,0.31,4730,Baltic Sea,NA,2.503225806,0.908668076
2008,ple.27.21-23,0.827,3994,F,SSB,2028,3930,1902,2023,1,0.81,4730,3635,0.31,4730,Baltic Sea,NA,2.667741935,0.844397463
2009,ple.27.21-23,0.763,3747,F,SSB,1635,3083,1448,2023,1,0.81,4730,3635,0.31,4730,Baltic Sea,NA,2.461290323,0.79217759
2010,ple.27.21-23,0.644,3738,F,SSB,1570,3059,1489,2023,1,0.81,4730,3635,0.31,4730,Baltic Sea,NA,2.077419355,0.790274841
2011,ple.27.21-23,0.711,4364,F,SSB,1584,3629,2045,2023,1,0.81,4730,3635,0.31,4730,Baltic Sea,NA,2.293548387,0.922621564
2012,ple.27.21-23,0.457,4876,F,SSB,1845,3196,1351,2023,1,0.81,4730,3635,0.31,4730,Baltic Sea,NA,1.474193548,1.030866808
2013,ple.27.21-23,0.417,6108,F,SSB,1956,3593,1638,2023,1,0.81,4730,3635,0.31,4730,Baltic Sea,NA,1.34516129,1.291331924
2014,ple.27.21-23,0.397,7111,F,SSB,1931,3877,1946,2023,1,0.81,4730,3635,0.31,4730,Baltic Sea,NA,1.280645161,1.503382664
2015,ple.27.21-23,0.419,7686,F,SSB,2687,3707,1021,2023,1,0.81,4730,3635,0.31,4730,Baltic Sea,NA,1.351612903,1.624947146
2016,ple.27.21-23,0.518,7886,F,SSB,3020,4521,1501,2023,1,0.81,4730,3635,0.31,4730,Baltic Sea,NA,1.670967742,1.667230444
2017,ple.27.21-23,0.506,7797,F,SSB,3243,3773,530,2023,1,0.81,4730,3635,0.31,4730,Baltic Sea,NA,1.632258065,1.648414376
2018,ple.27.21-23,0.525,8352,F,SSB,3446,4846,1400,2023,1,0.81,4730,3635,0.31,4730,Baltic Sea,NA,1.693548387,1.765750529
2019,ple.27.21-23,0.505,9040,F,SSB,4334,5388,1054,2023,1,0.81,4730,3635,0.31,4730,Baltic Sea,NA,1.629032258,1.911205074
2020,ple.27.21-23,0.437,8129,F,SSB,3409,4469,1061,2023,1,0.81,4730,3635,0.31,4730,Baltic Sea,NA,1.409677419,1.718604651
2021,ple.27.21-23,0.26,8870,F,SSB,2126,3053,927,2023,1,0.81,4730,3635,0.31,4730,Baltic Sea,NA,0.838709677,1.875264271
2022,ple.27.21-23,0.149,13254,F,SSB,1467,2274,807,2023,1,0.81,4730,3635,0.31,4730,Baltic Sea,NA,0.480645161,2.802114165
2023,ple.27.21-23,NA,23194,F,SSB,NA,NA,NA,2023,1,0.81,4730,3635,0.31,4730,Baltic Sea,NA,,4.90359408
2002,ple.27.24-32,1.37,0.273,F/Fmsy,B/Bmsy,915,1269,353,2023,1.7,NA,NA,0.3,1,0.5,Baltic Sea,NA,1.37,0.546
2003,ple.27.24-32,1.639,0.304,F/Fmsy,B/Bmsy,1281,1552,271,2023,1.7,NA,NA,0.3,1,0.5,Baltic Sea,NA,1.639,0.608
2004,ple.27.24-32,1.684,0.241,F/Fmsy,B/Bmsy,1081,1295,214,2023,1.7,NA,NA,0.3,1,0.5,Baltic Sea,NA,1.684,0.482
2005,ple.27.24-32,1.302,0.267,F/Fmsy,B/Bmsy,1081,1247,166,2023,1.7,NA,NA,0.3,1,0.5,Baltic Sea,NA,1.302,0.534
2006,ple.27.24-32,1.145,0.375,F/Fmsy,B/Bmsy,1012,1830,818,2023,1.7,NA,NA,0.3,1,0.5,Baltic Sea,NA,1.145,0.75
2007,ple.27.24-32,1.045,0.478,F/Fmsy,B/Bmsy,1167,1658,491,2023,1.7,NA,NA,0.3,1,0.5,Baltic Sea,NA,1.045,0.956
2008,ple.27.24-32,0.81,0.567,F/Fmsy,B/Bmsy,1102,1397,294,2023,1.7,NA,NA,0.3,1,0.5,Baltic Sea,NA,0.81,1.134
2009,ple.27.24-32,0.696,0.704,F/Fmsy,B/Bmsy,1226,1644,418,2023,1.7,NA,NA,0.3,1,0.5,Baltic Sea,NA,0.696,1.408
2010,ple.27.24-32,0.729,0.776,F/Fmsy,B/Bmsy,903,1901,998,2023,1.7,NA,NA,0.3,1,0.5,Baltic Sea,NA,0.729,1.552
2011,ple.27.24-32,0.761,0.792,F/Fmsy,B/Bmsy,748,2125,1377,2023,1.7,NA,NA,0.3,1,0.5,Baltic Sea,NA,0.761,1.584
2012,ple.27.24-32,0.683,0.853,F/Fmsy,B/Bmsy,848,1766,917,2023,1.7,NA,NA,0.3,1,0.5,Baltic Sea,NA,0.683,1.706
2013,ple.27.24-32,0.549,0.904,F/Fmsy,B/Bmsy,738,1520,781,2023,1.7,NA,NA,0.3,1,0.5,Baltic Sea,NA,0.549,1.808
2014,ple.27.24-32,0.378,0.939,F/Fmsy,B/Bmsy,534,1015,481,2023,1.7,NA,NA,0.3,1,0.5,Baltic Sea,NA,0.378,1.878
2015,ple.27.24-32,0.236,1.126,F/Fmsy,B/Bmsy,427,647,220,2023,1.7,NA,NA,0.3,1,0.5,Baltic Sea,NA,0.236,2.252
2016,ple.27.24-32,0.23,1.394,F/Fmsy,B/Bmsy,521,1579,1058,2023,1.7,NA,NA,0.3,1,0.5,Baltic Sea,NA,0.23,2.788
2017,ple.27.24-32,0.245,1.561,F/Fmsy,B/Bmsy,650,1058,408,2023,1.7,NA,NA,0.3,1,0.5,Baltic Sea,NA,0.245,3.122
2018,ple.27.24-32,0.274,1.804,F/Fmsy,B/Bmsy,1644,2355,711,2023,1.7,NA,NA,0.3,1,0.5,Baltic Sea,NA,0.274,3.608
2019,ple.27.24-32,0.342,1.884,F/Fmsy,B/Bmsy,1741,2359,617,2023,1.7,NA,NA,0.3,1,0.5,Baltic Sea,NA,0.342,3.768
2020,ple.27.24-32,0.271,1.885,F/Fmsy,B/Bmsy,1024,1247,223,2023,1.7,NA,NA,0.3,1,0.5,Baltic Sea,NA,0.271,3.77
2021,ple.27.24-32,0.213,1.785,F/Fmsy,B/Bmsy,767,1317,550,2023,1.7,NA,NA,0.3,1,0.5,Baltic Sea,NA,0.213,3.57
2022,ple.27.24-32,0.151,1.757,F/Fmsy,B/Bmsy,458,608,150,2023,1.7,NA,NA,0.3,1,0.5,Baltic Sea,NA,0.151,3.514
2023,ple.27.24-32,NA,1.75,F/Fmsy,B/Bmsy,NA,NA,NA,2023,1.7,NA,NA,0.3,1,0.5,Baltic Sea,NA,,3.5
1974,spr.27.22-32,0.311,1058866,F,SSB,234100,NA,NA,2023,0.49,0.35,541000,459000,0.34,541000,Baltic Sea,NA,0.914705882,1.957238447
1975,spr.27.22-32,0.302,842638,F,SSB,200700,NA,NA,2023,0.49,0.35,541000,459000,0.34,541000,Baltic Sea,NA,0.888235294,1.557556377
1976,spr.27.22-32,0.299,639077,F,SSB,165300,NA,NA,2023,0.49,0.35,541000,459000,0.34,541000,Baltic Sea,NA,0.879411765,1.181288355
1977,spr.27.22-32,0.288,924505,F,SSB,180800,NA,NA,2023,0.49,0.35,541000,459000,0.34,541000,Baltic Sea,NA,0.847058824,1.708881701
1978,spr.27.22-32,0.249,695260,F,SSB,132400,NA,NA,2023,0.49,0.35,541000,459000,0.34,541000,Baltic Sea,NA,0.732352941,1.285138632
1979,spr.27.22-32,0.225,379087,F,SSB,77100,NA,NA,2023,0.49,0.35,541000,459000,0.34,541000,Baltic Sea,NA,0.661764706,0.700715342
1980,spr.27.22-32,0.243,281603,F,SSB,58100,NA,NA,2023,0.49,0.35,541000,459000,0.34,541000,Baltic Sea,NA,0.714705882,0.520523105
1981,spr.27.22-32,0.189,282460,F,SSB,49300,NA,NA,2023,0.49,0.35,541000,459000,0.34,541000,Baltic Sea,NA,0.555882353,0.522107209
1982,spr.27.22-32,0.195,346178,F,SSB,48700,NA,NA,2023,0.49,0.35,541000,459000,0.34,541000,Baltic Sea,NA,0.573529412,0.639885397
1983,spr.27.22-32,0.127,345553,F,SSB,37300,NA,NA,2023,0.49,0.35,541000,459000,0.34,541000,Baltic Sea,NA,0.373529412,0.638730129
1984,spr.27.22-32,0.149,558549,F,SSB,52500,NA,NA,2023,0.49,0.35,541000,459000,0.34,541000,Baltic Sea,NA,0.438235294,1.032438078
1985,spr.27.22-32,0.161,613036,F,SSB,69500,NA,NA,2023,0.49,0.35,541000,459000,0.34,541000,Baltic Sea,NA,0.473529412,1.13315342
1986,spr.27.22-32,0.18,548550,F,SSB,75800,NA,NA,2023,0.49,0.35,541000,459000,0.34,541000,Baltic Sea,NA,0.529411765,1.013955638
1987,spr.27.22-32,0.227,472561,F,SSB,93400,NA,NA,2023,0.49,0.35,541000,459000,0.34,541000,Baltic Sea,NA,0.667647059,0.873495379
1988,spr.27.22-32,0.234,466539,F,SSB,82800,NA,NA,2023,0.49,0.35,541000,459000,0.34,541000,Baltic Sea,NA,0.688235294,0.86236414
1989,spr.27.22-32,0.24,449517,F,SSB,88700,NA,NA,2023,0.49,0.35,541000,459000,0.34,541000,Baltic Sea,NA,0.705882353,0.830900185
1990,spr.27.22-32,0.196,747099,F,SSB,94900,NA,NA,2023,0.49,0.35,541000,459000,0.34,541000,Baltic Sea,NA,0.576470588,1.380959335
1991,spr.27.22-32,0.18,941255,F,SSB,116500,NA,NA,2023,0.49,0.35,541000,459000,0.34,541000,Baltic Sea,NA,0.529411765,1.739842884
1992,spr.27.22-32,0.202,1005998,F,SSB,145700,NA,NA,2023,0.49,0.35,541000,459000,0.34,541000,Baltic Sea,NA,0.594117647,1.859515712
1993,spr.27.22-32,0.219,1274757,F,SSB,192600,NA,NA,2023,0.49,0.35,541000,459000,0.34,541000,Baltic Sea,NA,0.644117647,2.356297597
1994,spr.27.22-32,0.273,1419210,F,SSB,297600,NA,NA,2023,0.49,0.35,541000,459000,0.34,541000,Baltic Sea,NA,0.802941176,2.623308688
1995,spr.27.22-32,0.352,1127016,F,SSB,326000,NA,NA,2023,0.49,0.35,541000,459000,0.34,541000,Baltic Sea,NA,1.035294118,2.083208872
1996,spr.27.22-32,0.398,1622978,F,SSB,452300,NA,NA,2023,0.49,0.35,541000,459000,0.34,541000,Baltic Sea,NA,1.170588235,2.999959335
1997,spr.27.22-32,0.433,1731148,F,SSB,543200,NA,NA,2023,0.49,0.35,541000,459000,0.34,541000,Baltic Sea,NA,1.273529412,3.199903882
1998,spr.27.22-32,0.472,1169072,F,SSB,480300,NA,NA,2023,0.49,0.35,541000,459000,0.34,541000,Baltic Sea,NA,1.388235294,2.160946396
1999,spr.27.22-32,0.433,1269998,F,SSB,429700,NA,NA,2023,0.49,0.35,541000,459000,0.34,541000,Baltic Sea,NA,1.273529412,2.347500924
2000,spr.27.22-32,0.423,1036823,F,SSB,389600,NA,NA,2023,0.49,0.35,541000,459000,0.34,541000,Baltic Sea,NA,1.244117647,1.91649353
2001,spr.27.22-32,0.424,1039610,F,SSB,353200,NA,NA,2023,0.49,0.35,541000,459000,0.34,541000,Baltic Sea,NA,1.247058824,1.921645102
2002,spr.27.22-32,0.419,900779,F,SSB,344600,NA,NA,2023,0.49,0.35,541000,459000,0.34,541000,Baltic Sea,NA,1.232352941,1.665025878
2003,spr.27.22-32,0.413,847891,F,SSB,309400,NA,NA,2023,0.49,0.35,541000,459000,0.34,541000,Baltic Sea,NA,1.214705882,1.567266174
2004,spr.27.22-32,0.462,957173,F,SSB,367300,NA,NA,2023,0.49,0.35,541000,459000,0.34,541000,Baltic Sea,NA,1.358823529,1.769266174
2005,spr.27.22-32,0.419,1337981,F,SSB,404400,NA,NA,2023,0.49,0.35,541000,459000,0.34,541000,Baltic Sea,NA,1.232352941,2.473162662
2006,spr.27.22-32,0.369,1046256,F,SSB,344600,NA,NA,2023,0.49,0.35,541000,459000,0.34,541000,Baltic Sea,NA,1.085294118,1.93392976
2007,spr.27.22-32,0.443,926017,F,SSB,386800,NA,NA,2023,0.49,0.35,541000,459000,0.34,541000,Baltic Sea,NA,1.302941176,1.711676525
2008,spr.27.22-32,0.436,1025209,F,SSB,376600,NA,NA,2023,0.49,0.35,541000,459000,0.34,541000,Baltic Sea,NA,1.282352941,1.895025878
2009,spr.27.22-32,0.454,968966,F,SSB,418100,NA,NA,2023,0.49,0.35,541000,459000,0.34,541000,Baltic Sea,NA,1.335294118,1.791064695
2010,spr.27.22-32,0.4,1042774,F,SSB,324700,NA,NA,2023,0.49,0.35,541000,459000,0.34,541000,Baltic Sea,NA,1.176470588,1.92749353
2011,spr.27.22-32,0.324,867977,F,SSB,255400,NA,NA,2023,0.49,0.35,541000,459000,0.34,541000,Baltic Sea,NA,0.952941176,1.604393715
2012,spr.27.22-32,0.311,867086,F,SSB,243000,NA,NA,2023,0.49,0.35,541000,459000,0.34,541000,Baltic Sea,NA,0.914705882,1.602746765
2013,spr.27.22-32,0.353,895339,F,SSB,272900,NA,NA,2023,0.49,0.35,541000,459000,0.34,541000,Baltic Sea,NA,1.038235294,1.654970425
2014,spr.27.22-32,0.371,775753,F,SSB,242200,NA,NA,2023,0.49,0.35,541000,459000,0.34,541000,Baltic Sea,NA,1.091176471,1.433924214
2015,spr.27.22-32,0.341,795903,F,SSB,247300,NA,NA,2023,0.49,0.35,541000,459000,0.34,541000,Baltic Sea,NA,1.002941176,1.471170055
2016,spr.27.22-32,0.312,1194339,F,SSB,247100,NA,NA,2023,0.49,0.35,541000,459000,0.34,541000,Baltic Sea,NA,0.917647059,2.207650647
2017,spr.27.22-32,0.326,1197166,F,SSB,288500,NA,NA,2023,0.49,0.35,541000,459000,0.34,541000,Baltic Sea,NA,0.958823529,2.212876155
2018,spr.27.22-32,0.354,1018449,F,SSB,312200,NA,NA,2023,0.49,0.35,541000,459000,0.34,541000,Baltic Sea,NA,1.041176471,1.882530499
2019,spr.27.22-32,0.405,917639,F,SSB,317700,NA,NA,2023,0.49,0.35,541000,459000,0.34,541000,Baltic Sea,NA,1.191176471,1.696190388
2020,spr.27.22-32,0.373,892322,F,SSB,274100,NA,NA,2023,0.49,0.35,541000,459000,0.34,541000,Baltic Sea,NA,1.097058824,1.649393715
2021,spr.27.22-32,0.356,1082149,F,SSB,284900,NA,NA,2023,0.49,0.35,541000,459000,0.34,541000,Baltic Sea,NA,1.047058824,2.000275416
2022,spr.27.22-32,0.358,1127237,F,SSB,301409,NA,NA,2023,0.49,0.35,541000,459000,0.34,541000,Baltic Sea,NA,1.052941176,2.083617375
2023,spr.27.22-32,NA,903773,F,SSB,NA,NA,NA,2023,0.49,0.35,541000,459000,0.34,541000,Baltic Sea,NA,,1.670560074
2014,tur.27.22-32,NA,2.4,F,A_index,253,337,85,2021,NA,NA,NA,NA,NA,NA,Baltic Sea,NA,,
1975,tur.27.22-32,NA,NA,F,A_index,167,NA,NA,2021,NA,NA,NA,NA,NA,NA,Baltic Sea,NA,,
1998,tur.27.22-32,NA,NA,F,A_index,798,NA,NA,2021,NA,NA,NA,NA,NA,NA,Baltic Sea,NA,,
2011,tur.27.22-32,NA,3.45,F,A_index,263,282,19,2021,NA,NA,NA,NA,NA,NA,Baltic Sea,NA,,
2013,tur.27.22-32,NA,2.9,F,A_index,313,338,25,2021,NA,NA,NA,NA,NA,NA,Baltic Sea,NA,,
1973,tur.27.22-32,NA,NA,F,A_index,153,NA,NA,2021,NA,NA,NA,NA,NA,NA,Baltic Sea,NA,,
1997,tur.27.22-32,NA,NA,F,A_index,1043,NA,NA,2021,NA,NA,NA,NA,NA,NA,Baltic Sea,NA,,
2010,tur.27.22-32,NA,2.75,F,A_index,295,NA,NA,2021,NA,NA,NA,NA,NA,NA,Baltic Sea,NA,,
1972,tur.27.22-32,NA,NA,F,A_index,142,NA,NA,2021,NA,NA,NA,NA,NA,NA,Baltic Sea,NA,,
1996,tur.27.22-32,NA,NA,F,A_index,1206,NA,NA,2021,NA,NA,NA,NA,NA,NA,Baltic Sea,NA,,
2015,tur.27.22-32,NA,3.25,F,A_index,233,267,34,2021,NA,NA,NA,NA,NA,NA,Baltic Sea,NA,,
1999,tur.27.22-32,NA,NA,F,A_index,556,NA,NA,2021,NA,NA,NA,NA,NA,NA,Baltic Sea,NA,,
2001,tur.27.22-32,NA,2.3,F,A_index,464,NA,NA,2021,NA,NA,NA,NA,NA,NA,Baltic Sea,NA,,
1982,tur.27.22-32,NA,NA,F,A_index,150,NA,NA,2021,NA,NA,NA,NA,NA,NA,Baltic Sea,NA,,
2007,tur.27.22-32,NA,3.015,F,A_index,309,NA,NA,2021,NA,NA,NA,NA,NA,NA,Baltic Sea,NA,,
1980,tur.27.22-32,NA,NA,F,A_index,152,NA,NA,2021,NA,NA,NA,NA,NA,NA,Baltic Sea,NA,,
1971,tur.27.22-32,NA,NA,F,A_index,129,NA,NA,2021,NA,NA,NA,NA,NA,NA,Baltic Sea,NA,,
1995,tur.27.22-32,NA,NA,F,A_index,807,NA,NA,2021,NA,NA,NA,NA,NA,NA,Baltic Sea,NA,,
1994,tur.27.22-32,NA,NA,F,A_index,1024,NA,NA,2021,NA,NA,NA,NA,NA,NA,Baltic Sea,NA,,
1979,tur.27.22-32,NA,NA,F,A_index,184,NA,NA,2021,NA,NA,NA,NA,NA,NA,Baltic Sea,NA,,
1981,tur.27.22-32,NA,NA,F,A_index,181,NA,NA,2021,NA,NA,NA,NA,NA,NA,Baltic Sea,NA,,
2018,tur.27.22-32,NA,3.469,F,A_index,370,517,147,2021,NA,NA,NA,NA,NA,NA,Baltic Sea,NA,,
2019,tur.27.22-32,NA,2.82,F,A_index,201,296,95,2021,NA,NA,NA,NA,NA,NA,Baltic Sea,NA,,
2000,tur.27.22-32,NA,NA,F,A_index,525,NA,NA,2021,NA,NA,NA,NA,NA,NA,Baltic Sea,NA,,
1976,tur.27.22-32,NA,NA,F,A_index,149,NA,NA,2021,NA,NA,NA,NA,NA,NA,Baltic Sea,NA,,
2003,tur.27.22-32,NA,1.33,F,A_index,579,NA,NA,2021,NA,NA,NA,NA,NA,NA,Baltic Sea,NA,,
1970,tur.27.22-32,NA,NA,F,A_index,71,NA,NA,2021,NA,NA,NA,NA,NA,NA,Baltic Sea,NA,,
2005,tur.27.22-32,NA,1.585,F,A_index,420,NA,NA,2021,NA,NA,NA,NA,NA,NA,Baltic Sea,NA,,
2012,tur.27.22-32,NA,2.3,F,A_index,221,360,139,2021,NA,NA,NA,NA,NA,NA,Baltic Sea,NA,,
1974,tur.27.22-32,NA,NA,F,A_index,155,NA,NA,2021,NA,NA,NA,NA,NA,NA,Baltic Sea,NA,,
1991,tur.27.22-32,NA,NA,F,A_index,571,NA,NA,2021,NA,NA,NA,NA,NA,NA,Baltic Sea,NA,,
1993,tur.27.22-32,NA,NA,F,A_index,1167,NA,NA,2021,NA,NA,NA,NA,NA,NA,Baltic Sea,NA,,
2020,tur.27.22-32,NA,2.798,F,A_index,197,572,374,2021,NA,NA,NA,NA,NA,NA,Baltic Sea,NA,,
2008,tur.27.22-32,NA,2.35,F,A_index,356,NA,NA,2021,NA,NA,NA,NA,NA,NA,Baltic Sea,NA,,
2002,tur.27.22-32,NA,3.42,F,A_index,591,NA,NA,2021,NA,NA,NA,NA,NA,NA,Baltic Sea,NA,,
2017,tur.27.22-32,NA,3.393,F,A_index,264,321,57,2021,NA,NA,NA,NA,NA,NA,Baltic Sea,NA,,
2004,tur.27.22-32,NA,5.915,F,A_index,516,NA,NA,2021,NA,NA,NA,NA,NA,NA,Baltic Sea,NA,,
1978,tur.27.22-32,NA,NA,F,A_index,128,NA,NA,2021,NA,NA,NA,NA,NA,NA,Baltic Sea,NA,,
2009,tur.27.22-32,NA,2.675,F,A_index,394,NA,NA,2021,NA,NA,NA,NA,NA,NA,Baltic Sea,NA,,
1983,tur.27.22-32,NA,NA,F,A_index,233,NA,NA,2021,NA,NA,NA,NA,NA,NA,Baltic Sea,NA,,
1977,tur.27.22-32,NA,NA,F,A_index,208,NA,NA,2021,NA,NA,NA,NA,NA,NA,Baltic Sea,NA,,
1987,tur.27.22-32,NA,NA,F,A_index,505,NA,NA,2021,NA,NA,NA,NA,NA,NA,Baltic Sea,NA,,
2006,tur.27.22-32,NA,0.665,F,A_index,305,NA,NA,2021,NA,NA,NA,NA,NA,NA,Baltic Sea,NA,,
1992,tur.27.22-32,NA,NA,F,A_index,763,NA,NA,2021,NA,NA,NA,NA,NA,NA,Baltic Sea,NA,,
1990,tur.27.22-32,NA,NA,F,A_index,454,NA,NA,2021,NA,NA,NA,NA,NA,NA,Baltic Sea,NA,,
1989,tur.27.22-32,NA,NA,F,A_index,352,NA,NA,2021,NA,NA,NA,NA,NA,NA,Baltic Sea,NA,,
2016,tur.27.22-32,NA,3.65,F,A_index,246,346,100,2021,NA,NA,NA,NA,NA,NA,Baltic Sea,NA,,
1985,tur.27.22-32,NA,NA,F,A_index,230,NA,NA,2021,NA,NA,NA,NA,NA,NA,Baltic Sea,NA,,
1986,tur.27.22-32,NA,NA,F,A_index,338,NA,NA,2021,NA,NA,NA,NA,NA,NA,Baltic Sea,NA,,
1984,tur.27.22-32,NA,NA,F,A_index,137,NA,NA,2021,NA,NA,NA,NA,NA,NA,Baltic Sea,NA,,
1988,tur.27.22-32,NA,NA,F,A_index,367,NA,NA,2021,NA,NA,NA,NA,NA,NA,Baltic Sea,NA,,